record_id,subject_id,site,biomarker_name,quantification,unit,collection_date
BM_042-S01-001_WEEK12,042-S01-001,S01,Circulating Tumor DNA (ctDNA),0.04,copies/mL,2026-04-24
BM_042-S01-002_WEEK12,042-S01-002,S01,Circulating Tumor DNA (ctDNA),0.04,copies/mL,2026-04-24
BM_042-S02-001_WEEK12,042-S02-001,S02,Circulating Tumor DNA (ctDNA),0.04,copies/mL,2026-04-24
BM_042-S03-001_WEEK12,042-S03-001,S03,Circulating Tumor DNA (ctDNA),0.04,copies/mL,2026-04-24
BM_042-S05-001_WEEK12,042-S05-001,S05,Circulating Tumor DNA (ctDNA),0.04,copies/mL,2026-04-24
BM_042-S05-003_WEEK12,042-S05-003,S05,Circulating Tumor DNA (ctDNA),0.04,copies/mL,2026-04-24
BM_042-S07-001_WEEK12,042-S07-001,S07,Circulating Tumor DNA (ctDNA),0.04,copies/mL,2026-04-24
BM_042-S07-002_WEEK12,042-S07-002,S07,Circulating Tumor DNA (ctDNA),0.04,copies/mL,2026-04-24
BM_042-S07-003_WEEK12,042-S07-003,S07,Circulating Tumor DNA (ctDNA),0.04,copies/mL,2026-04-24
BM_042-S04-001_WEEK12,042-S04-001,S04,Circulating Tumor DNA (ctDNA),0.04,copies/mL,2026-04-24
BM_042-S04-002_WEEK12,042-S04-002,S04,Circulating Tumor DNA (ctDNA),0.04,copies/mL,2026-04-24
