record_id,subject_id,site,visit_name,visit_date,target_day,actual_day
VIS_042-S01-001_WEEK12,042-S01-001,S01,WEEK12,2026-04-24,98,98
VIS_042-S01-002_WEEK12,042-S01-002,S01,WEEK12,2026-04-24,98,98
VIS_042-S02-001_WEEK12,042-S02-001,S02,WEEK12,2026-04-24,98,98
VIS_042-S03-001_WEEK12,042-S03-001,S03,WEEK12,2026-04-24,98,105
VIS_042-S05-001_WEEK12,042-S05-001,S05,WEEK12,2026-04-24,98,98
VIS_042-S05-003_WEEK12,042-S05-003,S05,WEEK12,2026-04-24,98,98
VIS_042-S07-001_WEEK12,042-S07-001,S07,WEEK12,2026-04-24,98,98
VIS_042-S07-002_WEEK12,042-S07-002,S07,WEEK12,2026-04-24,98,98
VIS_042-S07-003_WEEK12,042-S07-003,S07,WEEK12,2026-04-24,98,98
VIS_042-S04-001_WEEK12,042-S04-001,S04,WEEK12,2026-04-24,98,98
VIS_042-S04-002_WEEK12,042-S04-002,S04,WEEK12,2026-04-24,98,98
