record_id,subject_id,site,completion_status,reason_discontinued,disposition_date
DISP_042-S01-001,042-S01-001,S01,Ongoing,,2026-06-30
DISP_042-S01-002,042-S01-002,S01,Ongoing,,2026-06-30
DISP_042-S02-001,042-S02-001,S02,Ongoing,,2026-06-30
DISP_042-S03-001,042-S03-001,S03,Ongoing,,2026-06-30
DISP_042-S05-001,042-S05-001,S05,Ongoing,,2026-06-30
DISP_042-S05-003,042-S05-003,S05,Ongoing,,2026-06-30
DISP_042-S07-001,042-S07-001,S07,Ongoing,,2026-06-30
DISP_042-S07-002,042-S07-002,S07,Discontinued,Adverse Event: Severe Hepatotoxicity,2026-03-01
DISP_042-S07-003,042-S07-003,S07,Discontinued,Adverse Event: Grade 3 Rash,2026-03-01
