record_id,usubjid,site,aeseq,visit,event_term,severity,is_serious,action_taken,date,cut_available
AE_042-S07-002_01,042-S07-002,S07,1,WEEK4,Severe Hepatotoxicity,Grade 3,Y,Study Discontinued,2026-02-14,3
AE_042-S07-003_01,042-S07-003,S07,2,WEEK4,Maculopapular Rash,Grade 3,N,Study Discontinued,2026-02-15,3
AE_042-S01-001_01,042-S01-001,S01,3,BASELINE,Mild Tension Headache,Grade 1,N,None,2026-01-12,1
AE_042-S01-002_4,042-S01-002,S01,4,WEEK2,Nausea,Grade 1,N,None,2026-01-28,2
AE_042-S08-002_5,042-S08-002,S08,5,WEEK2,Fatigue,Grade 1,N,None,2026-01-28,2
AE_042-S12-002_6,042-S12-002,S12,6,WEEK2,Headache,Grade 1,N,None,2026-01-28,2
AE_042-S01-003_7,042-S01-003,S01,7,WEEK2,Headache,Grade 1,N,None,2026-01-28,2
AE_042-S05-003_8,042-S05-003,S05,8,WEEK2,Nasopharyngitis,Grade 1,N,None,2026-01-28,2
AE_042-S04-004_9,042-S04-004,S04,9,WEEK2,Dizziness,Grade 1,N,None,2026-01-28,2
AE_042-S06-004_10,042-S06-004,S06,10,WEEK2,Fatigue,Grade 1,N,None,2026-01-28,2
AE_042-S04-005_11,042-S04-005,S04,11,WEEK2,Nasopharyngitis,Grade 1,N,None,2026-01-28,2
AE_042-S05-005_12,042-S05-005,S05,12,WEEK2,Nasopharyngitis,Grade 1,N,None,2026-01-28,2
AE_042-S06-005_13,042-S06-005,S06,13,WEEK2,Diarrhea,Grade 1,N,None,2026-01-28,2
AE_042-S07-005_14,042-S07-005,S07,14,WEEK2,Diarrhea,Grade 1,N,None,2026-01-28,2
AE_042-S09-005_15,042-S09-005,S09,15,WEEK2,Headache,Grade 1,N,None,2026-01-28,2
AE_042-S05-006_16,042-S05-006,S05,16,WEEK2,Dizziness,Grade 1,N,None,2026-01-28,2
AE_042-S12-006_17,042-S12-006,S12,17,WEEK2,Headache,Grade 1,N,None,2026-01-28,2
AE_042-S04-007_18,042-S04-007,S04,18,WEEK2,Fatigue,Grade 1,N,None,2026-01-28,2
AE_042-S06-007_19,042-S06-007,S06,19,WEEK2,Nausea,Grade 1,N,None,2026-01-28,2
AE_042-S07-007_20,042-S07-007,S07,20,WEEK2,Nausea,Grade 1,N,None,2026-01-28,2
AE_042-S08-007_21,042-S08-007,S08,21,WEEK2,Fatigue,Grade 1,N,None,2026-01-28,2
AE_042-S11-007_22,042-S11-007,S11,22,WEEK2,Nausea,Grade 1,N,None,2026-01-28,2
AE_042-S03-008_23,042-S03-008,S03,23,WEEK2,Nasopharyngitis,Grade 1,N,None,2026-01-28,2
AE_042-S09-008_24,042-S09-008,S09,24,WEEK2,Nausea,Grade 1,N,None,2026-01-28,2
AE_042-S10-008_25,042-S10-008,S10,25,WEEK2,Fatigue,Grade 1,N,None,2026-01-28,2
AE_042-S11-008_26,042-S11-008,S11,26,WEEK2,Headache,Grade 1,N,None,2026-01-28,2
AE_042-S01-009_27,042-S01-009,S01,27,WEEK2,Headache,Grade 1,N,None,2026-01-28,2
AE_042-S03-009_28,042-S03-009,S03,28,WEEK2,Headache,Grade 1,N,None,2026-01-28,2
AE_042-S04-009_29,042-S04-009,S04,29,WEEK2,Nausea,Grade 1,N,None,2026-01-28,2
AE_042-S08-009_30,042-S08-009,S08,30,WEEK2,Fatigue,Grade 1,N,None,2026-01-28,2
AE_042-S06-010_31,042-S06-010,S06,31,WEEK2,Fatigue,Grade 1,N,None,2026-01-28,2
AE_042-S10-010_32,042-S10-010,S10,32,WEEK2,Nausea,Grade 1,N,None,2026-01-28,2
AE_042-S12-010_33,042-S12-010,S12,33,WEEK2,Fatigue,Grade 1,N,None,2026-01-28,2
AE_042-S03-011_34,042-S03-011,S03,34,WEEK2,Diarrhea,Grade 1,N,None,2026-01-28,2
AE_042-S05-012_35,042-S05-012,S05,35,WEEK2,Nausea,Grade 1,N,None,2026-01-28,2
AE_042-S08-012_36,042-S08-012,S08,36,WEEK2,Diarrhea,Grade 1,N,None,2026-01-28,2
AE_042-S09-012_37,042-S09-012,S09,37,WEEK2,Headache,Grade 1,N,None,2026-01-28,2
AE_042-S05-014_38,042-S05-014,S05,38,WEEK2,Fatigue,Grade 1,N,None,2026-01-28,2
AE_042-S06-014_39,042-S06-014,S06,39,WEEK2,Dizziness,Grade 1,N,None,2026-01-28,2
AE_042-S03-015_40,042-S03-015,S03,40,WEEK2,Headache,Grade 1,N,None,2026-01-28,2
AE_042-S06-015_41,042-S06-015,S06,41,WEEK2,Fatigue,Grade 1,N,None,2026-01-28,2
AE_042-S10-015_42,042-S10-015,S10,42,WEEK2,Dizziness,Grade 1,N,None,2026-01-28,2
AE_042-S11-015_43,042-S11-015,S11,43,WEEK2,Headache,Grade 1,N,None,2026-01-28,2
AE_042-S01-016_44,042-S01-016,S01,44,WEEK2,Fatigue,Grade 1,N,None,2026-01-28,3
AE_042-S02-016_45,042-S02-016,S02,45,WEEK2,Nausea,Grade 1,N,None,2026-01-28,3
AE_042-S04-016_46,042-S04-016,S04,46,WEEK2,Dizziness,Grade 1,N,None,2026-01-28,3
AE_042-S05-016_47,042-S05-016,S05,47,WEEK2,Diarrhea,Grade 1,N,None,2026-01-28,3
AE_042-S10-016_48,042-S10-016,S10,48,WEEK2,Diarrhea,Grade 1,N,None,2026-01-28,3
AE_042-S06-017_49,042-S06-017,S06,49,WEEK2,Dizziness,Grade 1,N,None,2026-01-28,3
AE_042-S09-017_50,042-S09-017,S09,50,WEEK2,Nasopharyngitis,Grade 1,N,None,2026-01-28,3
AE_042-S01-018_51,042-S01-018,S01,51,WEEK2,Dizziness,Grade 1,N,None,2026-01-28,3
AE_042-S12-018_52,042-S12-018,S12,52,WEEK2,Nasopharyngitis,Grade 1,N,None,2026-01-28,3
AE_042-S02-019_53,042-S02-019,S02,53,WEEK2,Diarrhea,Grade 1,N,None,2026-01-28,3
AE_042-S04-019_54,042-S04-019,S04,54,WEEK2,Dizziness,Grade 1,N,None,2026-01-28,3
AE_042-S11-020_55,042-S11-020,S11,55,WEEK2,Nasopharyngitis,Grade 1,N,None,2026-01-28,4
AE_042-S01-021_56,042-S01-021,S01,56,WEEK2,Nasopharyngitis,Grade 1,N,None,2026-01-28,4
