record_id,usubjid,site,cmseq,medication_name,indication,start_date,dose,route,cut_available
CM_042-S01-001_1,042-S01-001,S01,1,Aspirin,Concomitant maintenance,2025-12-01,500 mg,Oral,1
CM_042-S01-002_2,042-S01-002,S01,2,Omeprazole,Concomitant maintenance,2025-12-01,500 mg,Oral,1
CM_042-S02-001_3,042-S02-001,S02,3,Metformin,Concomitant maintenance,2025-12-01,500 mg,Oral,1
CM_042-S02-001_4,042-S02-001,S02,4,Omeprazole,Concomitant maintenance,2025-12-01,500 mg,Oral,1
CM_042-S03-001_5,042-S03-001,S03,5,Aspirin,Concomitant maintenance,2025-12-01,500 mg,Oral,1
CM_042-S03-001_6,042-S03-001,S03,6,Omeprazole,Concomitant maintenance,2025-12-01,500 mg,Oral,1
CM_042-S05-001_7,042-S05-001,S05,7,Atorvastatin,Concomitant maintenance,2025-12-01,500 mg,Oral,1
CM_042-S05-001_8,042-S05-001,S05,8,Metformin,Concomitant maintenance,2025-12-01,500 mg,Oral,1
CM_042-S05-001_9,042-S05-001,S05,9,Aspirin,Concomitant maintenance,2025-12-01,500 mg,Oral,1
CM_042-S05-003_10,042-S05-003,S05,10,Lisinopril,Concomitant maintenance,2025-12-01,500 mg,Oral,1
CM_042-S05-003_11,042-S05-003,S05,11,Atorvastatin,Concomitant maintenance,2025-12-01,500 mg,Oral,1
CM_042-S07-001_12,042-S07-001,S07,12,Lisinopril,Concomitant maintenance,2025-12-01,500 mg,Oral,1
CM_042-S07-001_13,042-S07-001,S07,13,Atorvastatin,Concomitant maintenance,2025-12-01,500 mg,Oral,1
CM_042-S07-001_14,042-S07-001,S07,14,Metformin,Concomitant maintenance,2025-12-01,500 mg,Oral,1
CM_042-S07-002_15,042-S07-002,S07,15,Lisinopril,Concomitant maintenance,2025-12-01,500 mg,Oral,1
CM_042-S07-002_16,042-S07-002,S07,16,Paracetamol,Concomitant maintenance,2025-12-01,500 mg,Oral,1
CM_042-S07-003_17,042-S07-003,S07,17,Metformin,Concomitant maintenance,2025-12-01,500 mg,Oral,1
CM_042-S07-003_18,042-S07-003,S07,18,Atorvastatin,Concomitant maintenance,2025-12-01,500 mg,Oral,1
CM_042-S07-003_19,042-S07-003,S07,19,Omeprazole,Concomitant maintenance,2025-12-01,500 mg,Oral,1
CM_042-S10-001_20,042-S10-001,S10,20,Aspirin,Concomitant maintenance,2025-12-01,500 mg,Oral,1
CM_042-S10-001_21,042-S10-001,S10,21,Omeprazole,Concomitant maintenance,2025-12-01,500 mg,Oral,1
CM_042-S10-001_22,042-S10-001,S10,22,Lisinopril,Concomitant maintenance,2025-12-01,500 mg,Oral,1
CM_042-S11-001_23,042-S11-001,S11,23,Atorvastatin,Concomitant maintenance,2025-12-01,500 mg,Oral,1
CM_042-S11-001_24,042-S11-001,S11,24,Aspirin,Concomitant maintenance,2025-12-01,500 mg,Oral,1
CM_042-S12-001_25,042-S12-001,S12,25,Omeprazole,Concomitant maintenance,2025-12-01,500 mg,Oral,1
CM_042-S12-001_26,042-S12-001,S12,26,Paracetamol,Concomitant maintenance,2025-12-01,500 mg,Oral,1
CM_042-S01-002_27,042-S01-002,S01,27,Paracetamol,Concomitant maintenance,2025-12-01,500 mg,Oral,1
CM_042-S02-002_28,042-S02-002,S02,28,Omeprazole,Concomitant maintenance,2025-12-01,500 mg,Oral,1
CM_042-S03-002_29,042-S03-002,S03,29,Metformin,Concomitant maintenance,2025-12-01,500 mg,Oral,1
CM_042-S03-002_30,042-S03-002,S03,30,Atorvastatin,Concomitant maintenance,2025-12-01,500 mg,Oral,1
CM_042-S03-002_31,042-S03-002,S03,31,Paracetamol,Concomitant maintenance,2025-12-01,500 mg,Oral,1
CM_042-S04-002_32,042-S04-002,S04,32,Lisinopril,Concomitant maintenance,2025-12-01,500 mg,Oral,1
CM_042-S04-002_33,042-S04-002,S04,33,Omeprazole,Concomitant maintenance,2025-12-01,500 mg,Oral,1
CM_042-S04-002_34,042-S04-002,S04,34,Atorvastatin,Concomitant maintenance,2025-12-01,500 mg,Oral,1
CM_042-S05-002_35,042-S05-002,S05,35,Aspirin,Concomitant maintenance,2025-12-01,500 mg,Oral,1
CM_042-S06-002_36,042-S06-002,S06,36,Paracetamol,Concomitant maintenance,2025-12-01,500 mg,Oral,1
CM_042-S06-002_37,042-S06-002,S06,37,Metformin,Concomitant maintenance,2025-12-01,500 mg,Oral,1
CM_042-S07-002_38,042-S07-002,S07,38,Atorvastatin,Concomitant maintenance,2025-12-01,500 mg,Oral,1
CM_042-S07-002_39,042-S07-002,S07,39,Lisinopril,Concomitant maintenance,2025-12-01,500 mg,Oral,1
CM_042-S08-002_40,042-S08-002,S08,40,Atorvastatin,Concomitant maintenance,2025-12-01,500 mg,Oral,1
CM_042-S09-002_41,042-S09-002,S09,41,Metformin,Concomitant maintenance,2025-12-01,500 mg,Oral,1
CM_042-S10-002_42,042-S10-002,S10,42,Paracetamol,Concomitant maintenance,2025-12-01,500 mg,Oral,1
CM_042-S10-002_43,042-S10-002,S10,43,Aspirin,Concomitant maintenance,2025-12-01,500 mg,Oral,1
CM_042-S10-002_44,042-S10-002,S10,44,Metformin,Concomitant maintenance,2025-12-01,500 mg,Oral,1
CM_042-S11-002_45,042-S11-002,S11,45,Aspirin,Concomitant maintenance,2025-12-01,500 mg,Oral,1
CM_042-S11-002_46,042-S11-002,S11,46,Lisinopril,Concomitant maintenance,2025-12-01,500 mg,Oral,1
CM_042-S12-002_47,042-S12-002,S12,47,Paracetamol,Concomitant maintenance,2025-12-01,500 mg,Oral,1
CM_042-S12-002_48,042-S12-002,S12,48,Aspirin,Concomitant maintenance,2025-12-01,500 mg,Oral,1
CM_042-S01-003_49,042-S01-003,S01,49,Lisinopril,Concomitant maintenance,2025-12-01,500 mg,Oral,1
CM_042-S01-003_50,042-S01-003,S01,50,Omeprazole,Concomitant maintenance,2025-12-01,500 mg,Oral,1
CM_042-S01-003_51,042-S01-003,S01,51,Aspirin,Concomitant maintenance,2025-12-01,500 mg,Oral,1
CM_042-S02-003_52,042-S02-003,S02,52,Metformin,Concomitant maintenance,2025-12-01,500 mg,Oral,1
CM_042-S02-003_53,042-S02-003,S02,53,Atorvastatin,Concomitant maintenance,2025-12-01,500 mg,Oral,1
CM_042-S03-003_54,042-S03-003,S03,54,Atorvastatin,Concomitant maintenance,2025-12-01,500 mg,Oral,1
CM_042-S03-003_55,042-S03-003,S03,55,Lisinopril,Concomitant maintenance,2025-12-01,500 mg,Oral,1
CM_042-S04-003_56,042-S04-003,S04,56,Omeprazole,Concomitant maintenance,2025-12-01,500 mg,Oral,1
CM_042-S04-003_57,042-S04-003,S04,57,Aspirin,Concomitant maintenance,2025-12-01,500 mg,Oral,1
CM_042-S04-003_58,042-S04-003,S04,58,Atorvastatin,Concomitant maintenance,2025-12-01,500 mg,Oral,1
CM_042-S05-003_59,042-S05-003,S05,59,Omeprazole,Concomitant maintenance,2025-12-01,500 mg,Oral,1
CM_042-S06-003_60,042-S06-003,S06,60,Atorvastatin,Concomitant maintenance,2025-12-01,500 mg,Oral,1
CM_042-S07-003_61,042-S07-003,S07,61,Metformin,Concomitant maintenance,2025-12-01,500 mg,Oral,1
CM_042-S08-003_62,042-S08-003,S08,62,Atorvastatin,Concomitant maintenance,2025-12-01,500 mg,Oral,1
CM_042-S09-003_63,042-S09-003,S09,63,Aspirin,Concomitant maintenance,2025-12-01,500 mg,Oral,1
CM_042-S09-003_64,042-S09-003,S09,64,Atorvastatin,Concomitant maintenance,2025-12-01,500 mg,Oral,1
CM_042-S09-003_65,042-S09-003,S09,65,Lisinopril,Concomitant maintenance,2025-12-01,500 mg,Oral,1
CM_042-S10-003_66,042-S10-003,S10,66,Paracetamol,Concomitant maintenance,2025-12-01,500 mg,Oral,1
CM_042-S10-003_67,042-S10-003,S10,67,Aspirin,Concomitant maintenance,2025-12-01,500 mg,Oral,1
CM_042-S11-003_68,042-S11-003,S11,68,Metformin,Concomitant maintenance,2025-12-01,500 mg,Oral,1
CM_042-S11-003_69,042-S11-003,S11,69,Aspirin,Concomitant maintenance,2025-12-01,500 mg,Oral,1
CM_042-S11-003_70,042-S11-003,S11,70,Atorvastatin,Concomitant maintenance,2025-12-01,500 mg,Oral,1
CM_042-S12-003_71,042-S12-003,S12,71,Lisinopril,Concomitant maintenance,2025-12-01,500 mg,Oral,1
CM_042-S12-003_72,042-S12-003,S12,72,Atorvastatin,Concomitant maintenance,2025-12-01,500 mg,Oral,1
CM_042-S01-004_73,042-S01-004,S01,73,Metformin,Concomitant maintenance,2025-12-01,500 mg,Oral,1
CM_042-S01-004_74,042-S01-004,S01,74,Atorvastatin,Concomitant maintenance,2025-12-01,500 mg,Oral,1
CM_042-S01-004_75,042-S01-004,S01,75,Omeprazole,Concomitant maintenance,2025-12-01,500 mg,Oral,1
CM_042-S02-004_76,042-S02-004,S02,76,Omeprazole,Concomitant maintenance,2025-12-01,500 mg,Oral,1
CM_042-S02-004_77,042-S02-004,S02,77,Metformin,Concomitant maintenance,2025-12-01,500 mg,Oral,1
CM_042-S02-004_78,042-S02-004,S02,78,Paracetamol,Concomitant maintenance,2025-12-01,500 mg,Oral,1
CM_042-S03-004_79,042-S03-004,S03,79,Paracetamol,Concomitant maintenance,2025-12-01,500 mg,Oral,1
CM_042-S03-004_80,042-S03-004,S03,80,Lisinopril,Concomitant maintenance,2025-12-01,500 mg,Oral,1
CM_042-S03-004_81,042-S03-004,S03,81,Aspirin,Concomitant maintenance,2025-12-01,500 mg,Oral,1
CM_042-S04-004_82,042-S04-004,S04,82,Metformin,Concomitant maintenance,2025-12-01,500 mg,Oral,1
CM_042-S05-004_83,042-S05-004,S05,83,Lisinopril,Concomitant maintenance,2025-12-01,500 mg,Oral,1
CM_042-S06-004_84,042-S06-004,S06,84,Omeprazole,Concomitant maintenance,2025-12-01,500 mg,Oral,1
CM_042-S07-004_85,042-S07-004,S07,85,Paracetamol,Concomitant maintenance,2025-12-01,500 mg,Oral,1
CM_042-S08-004_86,042-S08-004,S08,86,Metformin,Concomitant maintenance,2025-12-01,500 mg,Oral,1
CM_042-S09-004_87,042-S09-004,S09,87,Atorvastatin,Concomitant maintenance,2025-12-01,500 mg,Oral,1
CM_042-S09-004_88,042-S09-004,S09,88,Paracetamol,Concomitant maintenance,2025-12-01,500 mg,Oral,1
CM_042-S10-004_89,042-S10-004,S10,89,Aspirin,Concomitant maintenance,2025-12-01,500 mg,Oral,1
CM_042-S11-004_90,042-S11-004,S11,90,Metformin,Concomitant maintenance,2025-12-01,500 mg,Oral,1
CM_042-S11-004_91,042-S11-004,S11,91,Aspirin,Concomitant maintenance,2025-12-01,500 mg,Oral,1
CM_042-S12-004_92,042-S12-004,S12,92,Omeprazole,Concomitant maintenance,2025-12-01,500 mg,Oral,1
CM_042-S12-004_93,042-S12-004,S12,93,Metformin,Concomitant maintenance,2025-12-01,500 mg,Oral,1
CM_042-S01-005_94,042-S01-005,S01,94,Aspirin,Concomitant maintenance,2025-12-01,500 mg,Oral,1
CM_042-S01-005_95,042-S01-005,S01,95,Paracetamol,Concomitant maintenance,2025-12-01,500 mg,Oral,1
CM_042-S01-005_96,042-S01-005,S01,96,Lisinopril,Concomitant maintenance,2025-12-01,500 mg,Oral,1
CM_042-S02-005_97,042-S02-005,S02,97,Metformin,Concomitant maintenance,2025-12-01,500 mg,Oral,1
CM_042-S02-005_98,042-S02-005,S02,98,Lisinopril,Concomitant maintenance,2025-12-01,500 mg,Oral,1
CM_042-S02-005_99,042-S02-005,S02,99,Aspirin,Concomitant maintenance,2025-12-01,500 mg,Oral,1
CM_042-S03-005_100,042-S03-005,S03,100,Metformin,Concomitant maintenance,2025-12-01,500 mg,Oral,1
CM_042-S04-005_101,042-S04-005,S04,101,Lisinopril,Concomitant maintenance,2025-12-01,500 mg,Oral,1
CM_042-S04-005_102,042-S04-005,S04,102,Paracetamol,Concomitant maintenance,2025-12-01,500 mg,Oral,1
CM_042-S05-005_103,042-S05-005,S05,103,Paracetamol,Concomitant maintenance,2025-12-01,500 mg,Oral,1
CM_042-S06-005_104,042-S06-005,S06,104,Omeprazole,Concomitant maintenance,2025-12-01,500 mg,Oral,1
CM_042-S06-005_105,042-S06-005,S06,105,Metformin,Concomitant maintenance,2025-12-01,500 mg,Oral,1
CM_042-S06-005_106,042-S06-005,S06,106,Paracetamol,Concomitant maintenance,2025-12-01,500 mg,Oral,1
CM_042-S07-005_107,042-S07-005,S07,107,Paracetamol,Concomitant maintenance,2025-12-01,500 mg,Oral,1
CM_042-S07-005_108,042-S07-005,S07,108,Lisinopril,Concomitant maintenance,2025-12-01,500 mg,Oral,1
CM_042-S07-005_109,042-S07-005,S07,109,Aspirin,Concomitant maintenance,2025-12-01,500 mg,Oral,1
CM_042-S08-005_110,042-S08-005,S08,110,Metformin,Concomitant maintenance,2025-12-01,500 mg,Oral,1
CM_042-S09-005_111,042-S09-005,S09,111,Lisinopril,Concomitant maintenance,2025-12-01,500 mg,Oral,1
CM_042-S10-005_112,042-S10-005,S10,112,Lisinopril,Concomitant maintenance,2025-12-01,500 mg,Oral,1
CM_042-S11-005_113,042-S11-005,S11,113,Atorvastatin,Concomitant maintenance,2025-12-01,500 mg,Oral,1
CM_042-S11-005_114,042-S11-005,S11,114,Paracetamol,Concomitant maintenance,2025-12-01,500 mg,Oral,1
CM_042-S11-005_115,042-S11-005,S11,115,Aspirin,Concomitant maintenance,2025-12-01,500 mg,Oral,1
CM_042-S12-005_116,042-S12-005,S12,116,Paracetamol,Concomitant maintenance,2025-12-01,500 mg,Oral,1
CM_042-S12-005_117,042-S12-005,S12,117,Aspirin,Concomitant maintenance,2025-12-01,500 mg,Oral,1
CM_042-S12-005_118,042-S12-005,S12,118,Metformin,Concomitant maintenance,2025-12-01,500 mg,Oral,1
CM_042-S01-006_119,042-S01-006,S01,119,Atorvastatin,Concomitant maintenance,2025-12-01,500 mg,Oral,1
CM_042-S01-006_120,042-S01-006,S01,120,Aspirin,Concomitant maintenance,2025-12-01,500 mg,Oral,1
CM_042-S01-006_121,042-S01-006,S01,121,Metformin,Concomitant maintenance,2025-12-01,500 mg,Oral,1
CM_042-S02-006_122,042-S02-006,S02,122,Paracetamol,Concomitant maintenance,2025-12-01,500 mg,Oral,1
CM_042-S02-006_123,042-S02-006,S02,123,Aspirin,Concomitant maintenance,2025-12-01,500 mg,Oral,1
CM_042-S02-006_124,042-S02-006,S02,124,Metformin,Concomitant maintenance,2025-12-01,500 mg,Oral,1
CM_042-S03-006_125,042-S03-006,S03,125,Lisinopril,Concomitant maintenance,2025-12-01,500 mg,Oral,1
CM_042-S04-006_126,042-S04-006,S04,126,Metformin,Concomitant maintenance,2025-12-01,500 mg,Oral,1
CM_042-S04-006_127,042-S04-006,S04,127,Lisinopril,Concomitant maintenance,2025-12-01,500 mg,Oral,1
CM_042-S04-006_128,042-S04-006,S04,128,Omeprazole,Concomitant maintenance,2025-12-01,500 mg,Oral,1
CM_042-S05-006_129,042-S05-006,S05,129,Aspirin,Concomitant maintenance,2025-12-01,500 mg,Oral,1
CM_042-S05-006_130,042-S05-006,S05,130,Metformin,Concomitant maintenance,2025-12-01,500 mg,Oral,1
CM_042-S05-006_131,042-S05-006,S05,131,Atorvastatin,Concomitant maintenance,2025-12-01,500 mg,Oral,1
CM_042-S06-006_132,042-S06-006,S06,132,Metformin,Concomitant maintenance,2025-12-01,500 mg,Oral,1
CM_042-S06-006_133,042-S06-006,S06,133,Omeprazole,Concomitant maintenance,2025-12-01,500 mg,Oral,1
CM_042-S06-006_134,042-S06-006,S06,134,Atorvastatin,Concomitant maintenance,2025-12-01,500 mg,Oral,1
CM_042-S07-006_135,042-S07-006,S07,135,Lisinopril,Concomitant maintenance,2025-12-01,500 mg,Oral,1
CM_042-S07-006_136,042-S07-006,S07,136,Aspirin,Concomitant maintenance,2025-12-01,500 mg,Oral,1
CM_042-S07-006_137,042-S07-006,S07,137,Paracetamol,Concomitant maintenance,2025-12-01,500 mg,Oral,1
CM_042-S08-006_138,042-S08-006,S08,138,Omeprazole,Concomitant maintenance,2025-12-01,500 mg,Oral,1
CM_042-S09-006_139,042-S09-006,S09,139,Paracetamol,Concomitant maintenance,2025-12-01,500 mg,Oral,1
CM_042-S10-006_140,042-S10-006,S10,140,Omeprazole,Concomitant maintenance,2025-12-01,500 mg,Oral,1
CM_042-S10-006_141,042-S10-006,S10,141,Atorvastatin,Concomitant maintenance,2025-12-01,500 mg,Oral,1
CM_042-S10-006_142,042-S10-006,S10,142,Paracetamol,Concomitant maintenance,2025-12-01,500 mg,Oral,1
CM_042-S11-006_143,042-S11-006,S11,143,Atorvastatin,Concomitant maintenance,2025-12-01,500 mg,Oral,1
CM_042-S11-006_144,042-S11-006,S11,144,Omeprazole,Concomitant maintenance,2025-12-01,500 mg,Oral,1
CM_042-S11-006_145,042-S11-006,S11,145,Aspirin,Concomitant maintenance,2025-12-01,500 mg,Oral,1
CM_042-S12-006_146,042-S12-006,S12,146,Lisinopril,Concomitant maintenance,2025-12-01,500 mg,Oral,1
CM_042-S01-007_147,042-S01-007,S01,147,Atorvastatin,Concomitant maintenance,2025-12-01,500 mg,Oral,1
CM_042-S01-007_148,042-S01-007,S01,148,Paracetamol,Concomitant maintenance,2025-12-01,500 mg,Oral,1
CM_042-S01-007_149,042-S01-007,S01,149,Lisinopril,Concomitant maintenance,2025-12-01,500 mg,Oral,1
CM_042-S02-007_150,042-S02-007,S02,150,Atorvastatin,Concomitant maintenance,2025-12-01,500 mg,Oral,1
CM_042-S02-007_151,042-S02-007,S02,151,Aspirin,Concomitant maintenance,2025-12-01,500 mg,Oral,1
CM_042-S03-007_152,042-S03-007,S03,152,Paracetamol,Concomitant maintenance,2025-12-01,500 mg,Oral,1
CM_042-S04-007_153,042-S04-007,S04,153,Aspirin,Concomitant maintenance,2025-12-01,500 mg,Oral,1
CM_042-S04-007_154,042-S04-007,S04,154,Metformin,Concomitant maintenance,2025-12-01,500 mg,Oral,1
CM_042-S05-007_155,042-S05-007,S05,155,Omeprazole,Concomitant maintenance,2025-12-01,500 mg,Oral,1
CM_042-S05-007_156,042-S05-007,S05,156,Paracetamol,Concomitant maintenance,2025-12-01,500 mg,Oral,1
CM_042-S06-007_157,042-S06-007,S06,157,Lisinopril,Concomitant maintenance,2025-12-01,500 mg,Oral,1
CM_042-S06-007_158,042-S06-007,S06,158,Paracetamol,Concomitant maintenance,2025-12-01,500 mg,Oral,1
CM_042-S07-007_159,042-S07-007,S07,159,Metformin,Concomitant maintenance,2025-12-01,500 mg,Oral,1
CM_042-S08-007_160,042-S08-007,S08,160,Metformin,Concomitant maintenance,2025-12-01,500 mg,Oral,1
CM_042-S08-007_161,042-S08-007,S08,161,Lisinopril,Concomitant maintenance,2025-12-01,500 mg,Oral,1
CM_042-S09-007_162,042-S09-007,S09,162,Omeprazole,Concomitant maintenance,2025-12-01,500 mg,Oral,1
CM_042-S10-007_163,042-S10-007,S10,163,Paracetamol,Concomitant maintenance,2025-12-01,500 mg,Oral,1
CM_042-S10-007_164,042-S10-007,S10,164,Atorvastatin,Concomitant maintenance,2025-12-01,500 mg,Oral,1
CM_042-S10-007_165,042-S10-007,S10,165,Lisinopril,Concomitant maintenance,2025-12-01,500 mg,Oral,1
CM_042-S11-007_166,042-S11-007,S11,166,Atorvastatin,Concomitant maintenance,2025-12-01,500 mg,Oral,1
CM_042-S11-007_167,042-S11-007,S11,167,Paracetamol,Concomitant maintenance,2025-12-01,500 mg,Oral,1
CM_042-S11-007_168,042-S11-007,S11,168,Aspirin,Concomitant maintenance,2025-12-01,500 mg,Oral,1
CM_042-S12-007_169,042-S12-007,S12,169,Paracetamol,Concomitant maintenance,2025-12-01,500 mg,Oral,1
CM_042-S01-008_170,042-S01-008,S01,170,Lisinopril,Concomitant maintenance,2025-12-01,500 mg,Oral,1
CM_042-S01-008_171,042-S01-008,S01,171,Omeprazole,Concomitant maintenance,2025-12-01,500 mg,Oral,1
CM_042-S01-008_172,042-S01-008,S01,172,Atorvastatin,Concomitant maintenance,2025-12-01,500 mg,Oral,1
CM_042-S02-008_173,042-S02-008,S02,173,Omeprazole,Concomitant maintenance,2025-12-01,500 mg,Oral,1
CM_042-S03-008_174,042-S03-008,S03,174,Atorvastatin,Concomitant maintenance,2025-12-01,500 mg,Oral,1
CM_042-S04-008_175,042-S04-008,S04,175,Lisinopril,Concomitant maintenance,2025-12-01,500 mg,Oral,1
CM_042-S05-008_176,042-S05-008,S05,176,Atorvastatin,Concomitant maintenance,2025-12-01,500 mg,Oral,1
CM_042-S06-008_177,042-S06-008,S06,177,Aspirin,Concomitant maintenance,2025-12-01,500 mg,Oral,1
CM_042-S07-008_178,042-S07-008,S07,178,Aspirin,Concomitant maintenance,2025-12-01,500 mg,Oral,1
CM_042-S07-008_179,042-S07-008,S07,179,Atorvastatin,Concomitant maintenance,2025-12-01,500 mg,Oral,1
CM_042-S07-008_180,042-S07-008,S07,180,Paracetamol,Concomitant maintenance,2025-12-01,500 mg,Oral,1
CM_042-S08-008_181,042-S08-008,S08,181,Omeprazole,Concomitant maintenance,2025-12-01,500 mg,Oral,1
CM_042-S08-008_182,042-S08-008,S08,182,Lisinopril,Concomitant maintenance,2025-12-01,500 mg,Oral,1
CM_042-S09-008_183,042-S09-008,S09,183,Aspirin,Concomitant maintenance,2025-12-01,500 mg,Oral,1
CM_042-S09-008_184,042-S09-008,S09,184,Omeprazole,Concomitant maintenance,2025-12-01,500 mg,Oral,1
CM_042-S10-008_185,042-S10-008,S10,185,Atorvastatin,Concomitant maintenance,2025-12-01,500 mg,Oral,1
CM_042-S10-008_186,042-S10-008,S10,186,Lisinopril,Concomitant maintenance,2025-12-01,500 mg,Oral,1
CM_042-S10-008_187,042-S10-008,S10,187,Metformin,Concomitant maintenance,2025-12-01,500 mg,Oral,1
CM_042-S11-008_188,042-S11-008,S11,188,Metformin,Concomitant maintenance,2025-12-01,500 mg,Oral,1
CM_042-S11-008_189,042-S11-008,S11,189,Paracetamol,Concomitant maintenance,2025-12-01,500 mg,Oral,1
CM_042-S11-008_190,042-S11-008,S11,190,Omeprazole,Concomitant maintenance,2025-12-01,500 mg,Oral,1
CM_042-S12-008_191,042-S12-008,S12,191,Metformin,Concomitant maintenance,2025-12-01,500 mg,Oral,1
CM_042-S12-008_192,042-S12-008,S12,192,Paracetamol,Concomitant maintenance,2025-12-01,500 mg,Oral,1
CM_042-S12-008_193,042-S12-008,S12,193,Atorvastatin,Concomitant maintenance,2025-12-01,500 mg,Oral,1
CM_042-S01-009_194,042-S01-009,S01,194,Atorvastatin,Concomitant maintenance,2025-12-01,500 mg,Oral,1
CM_042-S02-009_195,042-S02-009,S02,195,Aspirin,Concomitant maintenance,2025-12-01,500 mg,Oral,1
CM_042-S02-009_196,042-S02-009,S02,196,Omeprazole,Concomitant maintenance,2025-12-01,500 mg,Oral,1
CM_042-S03-009_197,042-S03-009,S03,197,Metformin,Concomitant maintenance,2025-12-01,500 mg,Oral,1
CM_042-S04-009_198,042-S04-009,S04,198,Atorvastatin,Concomitant maintenance,2025-12-01,500 mg,Oral,1
CM_042-S05-009_199,042-S05-009,S05,199,Paracetamol,Concomitant maintenance,2025-12-01,500 mg,Oral,1
CM_042-S06-009_200,042-S06-009,S06,200,Aspirin,Concomitant maintenance,2025-12-01,500 mg,Oral,1
CM_042-S07-009_201,042-S07-009,S07,201,Atorvastatin,Concomitant maintenance,2025-12-01,500 mg,Oral,1
CM_042-S07-009_202,042-S07-009,S07,202,Metformin,Concomitant maintenance,2025-12-01,500 mg,Oral,1
CM_042-S07-009_203,042-S07-009,S07,203,Paracetamol,Concomitant maintenance,2025-12-01,500 mg,Oral,1
CM_042-S08-009_204,042-S08-009,S08,204,Paracetamol,Concomitant maintenance,2025-12-01,500 mg,Oral,1
CM_042-S08-009_205,042-S08-009,S08,205,Metformin,Concomitant maintenance,2025-12-01,500 mg,Oral,1
CM_042-S09-009_206,042-S09-009,S09,206,Metformin,Concomitant maintenance,2025-12-01,500 mg,Oral,1
CM_042-S09-009_207,042-S09-009,S09,207,Paracetamol,Concomitant maintenance,2025-12-01,500 mg,Oral,1
CM_042-S10-009_208,042-S10-009,S10,208,Lisinopril,Concomitant maintenance,2025-12-01,500 mg,Oral,1
CM_042-S10-009_209,042-S10-009,S10,209,Atorvastatin,Concomitant maintenance,2025-12-01,500 mg,Oral,1
CM_042-S11-009_210,042-S11-009,S11,210,Lisinopril,Concomitant maintenance,2025-12-01,500 mg,Oral,1
CM_042-S11-009_211,042-S11-009,S11,211,Metformin,Concomitant maintenance,2025-12-01,500 mg,Oral,1
CM_042-S12-009_212,042-S12-009,S12,212,Paracetamol,Concomitant maintenance,2025-12-01,500 mg,Oral,1
CM_042-S12-009_213,042-S12-009,S12,213,Metformin,Concomitant maintenance,2025-12-01,500 mg,Oral,1
CM_042-S12-009_214,042-S12-009,S12,214,Aspirin,Concomitant maintenance,2025-12-01,500 mg,Oral,1
CM_042-S01-010_215,042-S01-010,S01,215,Metformin,Concomitant maintenance,2025-12-01,500 mg,Oral,1
CM_042-S02-010_216,042-S02-010,S02,216,Metformin,Concomitant maintenance,2025-12-01,500 mg,Oral,1
CM_042-S03-010_217,042-S03-010,S03,217,Lisinopril,Concomitant maintenance,2025-12-01,500 mg,Oral,1
CM_042-S03-010_218,042-S03-010,S03,218,Aspirin,Concomitant maintenance,2025-12-01,500 mg,Oral,1
CM_042-S03-010_219,042-S03-010,S03,219,Atorvastatin,Concomitant maintenance,2025-12-01,500 mg,Oral,1
CM_042-S04-010_220,042-S04-010,S04,220,Metformin,Concomitant maintenance,2025-12-01,500 mg,Oral,1
CM_042-S04-010_221,042-S04-010,S04,221,Omeprazole,Concomitant maintenance,2025-12-01,500 mg,Oral,1
CM_042-S05-010_222,042-S05-010,S05,222,Metformin,Concomitant maintenance,2025-12-01,500 mg,Oral,1
CM_042-S05-010_223,042-S05-010,S05,223,Lisinopril,Concomitant maintenance,2025-12-01,500 mg,Oral,1
CM_042-S06-010_224,042-S06-010,S06,224,Metformin,Concomitant maintenance,2025-12-01,500 mg,Oral,1
CM_042-S07-010_225,042-S07-010,S07,225,Paracetamol,Concomitant maintenance,2025-12-01,500 mg,Oral,1
CM_042-S07-010_226,042-S07-010,S07,226,Aspirin,Concomitant maintenance,2025-12-01,500 mg,Oral,1
CM_042-S08-010_227,042-S08-010,S08,227,Metformin,Concomitant maintenance,2025-12-01,500 mg,Oral,1
CM_042-S09-010_228,042-S09-010,S09,228,Aspirin,Concomitant maintenance,2025-12-01,500 mg,Oral,1
CM_042-S09-010_229,042-S09-010,S09,229,Paracetamol,Concomitant maintenance,2025-12-01,500 mg,Oral,1
CM_042-S10-010_230,042-S10-010,S10,230,Lisinopril,Concomitant maintenance,2025-12-01,500 mg,Oral,1
CM_042-S10-010_231,042-S10-010,S10,231,Metformin,Concomitant maintenance,2025-12-01,500 mg,Oral,1
CM_042-S11-010_232,042-S11-010,S11,232,Metformin,Concomitant maintenance,2025-12-01,500 mg,Oral,1
CM_042-S11-010_233,042-S11-010,S11,233,Paracetamol,Concomitant maintenance,2025-12-01,500 mg,Oral,1
CM_042-S11-010_234,042-S11-010,S11,234,Atorvastatin,Concomitant maintenance,2025-12-01,500 mg,Oral,1
CM_042-S12-010_235,042-S12-010,S12,235,Atorvastatin,Concomitant maintenance,2025-12-01,500 mg,Oral,1
CM_042-S12-010_236,042-S12-010,S12,236,Aspirin,Concomitant maintenance,2025-12-01,500 mg,Oral,1
CM_042-S12-010_237,042-S12-010,S12,237,Lisinopril,Concomitant maintenance,2025-12-01,500 mg,Oral,1
CM_042-S01-011_238,042-S01-011,S01,238,Metformin,Concomitant maintenance,2025-12-01,500 mg,Oral,2
CM_042-S01-011_239,042-S01-011,S01,239,Atorvastatin,Concomitant maintenance,2025-12-01,500 mg,Oral,2
CM_042-S02-011_240,042-S02-011,S02,240,Lisinopril,Concomitant maintenance,2025-12-01,500 mg,Oral,2
CM_042-S03-011_241,042-S03-011,S03,241,Aspirin,Concomitant maintenance,2025-12-01,500 mg,Oral,2
CM_042-S03-011_242,042-S03-011,S03,242,Metformin,Concomitant maintenance,2025-12-01,500 mg,Oral,2
CM_042-S03-011_243,042-S03-011,S03,243,Omeprazole,Concomitant maintenance,2025-12-01,500 mg,Oral,2
CM_042-S04-011_244,042-S04-011,S04,244,Aspirin,Concomitant maintenance,2025-12-01,500 mg,Oral,2
CM_042-S04-011_245,042-S04-011,S04,245,Omeprazole,Concomitant maintenance,2025-12-01,500 mg,Oral,2
CM_042-S04-011_246,042-S04-011,S04,246,Paracetamol,Concomitant maintenance,2025-12-01,500 mg,Oral,2
CM_042-S05-011_247,042-S05-011,S05,247,Paracetamol,Concomitant maintenance,2025-12-01,500 mg,Oral,2
CM_042-S06-011_248,042-S06-011,S06,248,Metformin,Concomitant maintenance,2025-12-01,500 mg,Oral,2
CM_042-S06-011_249,042-S06-011,S06,249,Atorvastatin,Concomitant maintenance,2025-12-01,500 mg,Oral,2
CM_042-S06-011_250,042-S06-011,S06,250,Omeprazole,Concomitant maintenance,2025-12-01,500 mg,Oral,2
CM_042-S07-011_251,042-S07-011,S07,251,Omeprazole,Concomitant maintenance,2025-12-01,500 mg,Oral,2
CM_042-S08-011_252,042-S08-011,S08,252,Aspirin,Concomitant maintenance,2025-12-01,500 mg,Oral,2
CM_042-S08-011_253,042-S08-011,S08,253,Paracetamol,Concomitant maintenance,2025-12-01,500 mg,Oral,2
CM_042-S09-011_254,042-S09-011,S09,254,Lisinopril,Concomitant maintenance,2025-12-01,500 mg,Oral,2
CM_042-S09-011_255,042-S09-011,S09,255,Atorvastatin,Concomitant maintenance,2025-12-01,500 mg,Oral,2
CM_042-S09-011_256,042-S09-011,S09,256,Omeprazole,Concomitant maintenance,2025-12-01,500 mg,Oral,2
CM_042-S10-011_257,042-S10-011,S10,257,Omeprazole,Concomitant maintenance,2025-12-01,500 mg,Oral,2
CM_042-S10-011_258,042-S10-011,S10,258,Paracetamol,Concomitant maintenance,2025-12-01,500 mg,Oral,2
CM_042-S10-011_259,042-S10-011,S10,259,Lisinopril,Concomitant maintenance,2025-12-01,500 mg,Oral,2
CM_042-S11-011_260,042-S11-011,S11,260,Paracetamol,Concomitant maintenance,2025-12-01,500 mg,Oral,2
CM_042-S11-011_261,042-S11-011,S11,261,Atorvastatin,Concomitant maintenance,2025-12-01,500 mg,Oral,2
CM_042-S12-011_262,042-S12-011,S12,262,Lisinopril,Concomitant maintenance,2025-12-01,500 mg,Oral,2
CM_042-S12-011_263,042-S12-011,S12,263,Omeprazole,Concomitant maintenance,2025-12-01,500 mg,Oral,2
CM_042-S01-012_264,042-S01-012,S01,264,Atorvastatin,Concomitant maintenance,2025-12-01,500 mg,Oral,2
CM_042-S01-012_265,042-S01-012,S01,265,Aspirin,Concomitant maintenance,2025-12-01,500 mg,Oral,2
CM_042-S02-012_266,042-S02-012,S02,266,Atorvastatin,Concomitant maintenance,2025-12-01,500 mg,Oral,2
CM_042-S02-012_267,042-S02-012,S02,267,Lisinopril,Concomitant maintenance,2025-12-01,500 mg,Oral,2
CM_042-S03-012_268,042-S03-012,S03,268,Aspirin,Concomitant maintenance,2025-12-01,500 mg,Oral,2
CM_042-S03-012_269,042-S03-012,S03,269,Omeprazole,Concomitant maintenance,2025-12-01,500 mg,Oral,2
CM_042-S03-012_270,042-S03-012,S03,270,Paracetamol,Concomitant maintenance,2025-12-01,500 mg,Oral,2
CM_042-S04-012_271,042-S04-012,S04,271,Aspirin,Concomitant maintenance,2025-12-01,500 mg,Oral,2
CM_042-S04-012_272,042-S04-012,S04,272,Metformin,Concomitant maintenance,2025-12-01,500 mg,Oral,2
CM_042-S05-012_273,042-S05-012,S05,273,Atorvastatin,Concomitant maintenance,2025-12-01,500 mg,Oral,2
CM_042-S05-012_274,042-S05-012,S05,274,Lisinopril,Concomitant maintenance,2025-12-01,500 mg,Oral,2
CM_042-S05-012_275,042-S05-012,S05,275,Paracetamol,Concomitant maintenance,2025-12-01,500 mg,Oral,2
CM_042-S06-012_276,042-S06-012,S06,276,Paracetamol,Concomitant maintenance,2025-12-01,500 mg,Oral,2
CM_042-S06-012_277,042-S06-012,S06,277,Aspirin,Concomitant maintenance,2025-12-01,500 mg,Oral,2
CM_042-S07-012_278,042-S07-012,S07,278,Omeprazole,Concomitant maintenance,2025-12-01,500 mg,Oral,2
CM_042-S07-012_279,042-S07-012,S07,279,Lisinopril,Concomitant maintenance,2025-12-01,500 mg,Oral,2
CM_042-S08-012_280,042-S08-012,S08,280,Atorvastatin,Concomitant maintenance,2025-12-01,500 mg,Oral,2
CM_042-S09-012_281,042-S09-012,S09,281,Paracetamol,Concomitant maintenance,2025-12-01,500 mg,Oral,2
CM_042-S09-012_282,042-S09-012,S09,282,Lisinopril,Concomitant maintenance,2025-12-01,500 mg,Oral,2
CM_042-S09-012_283,042-S09-012,S09,283,Atorvastatin,Concomitant maintenance,2025-12-01,500 mg,Oral,2
CM_042-S10-012_284,042-S10-012,S10,284,Paracetamol,Concomitant maintenance,2025-12-01,500 mg,Oral,2
CM_042-S10-012_285,042-S10-012,S10,285,Lisinopril,Concomitant maintenance,2025-12-01,500 mg,Oral,2
CM_042-S10-012_286,042-S10-012,S10,286,Omeprazole,Concomitant maintenance,2025-12-01,500 mg,Oral,2
CM_042-S11-012_287,042-S11-012,S11,287,Paracetamol,Concomitant maintenance,2025-12-01,500 mg,Oral,2
CM_042-S12-012_288,042-S12-012,S12,288,Metformin,Concomitant maintenance,2025-12-01,500 mg,Oral,2
CM_042-S12-012_289,042-S12-012,S12,289,Aspirin,Concomitant maintenance,2025-12-01,500 mg,Oral,2
CM_042-S01-013_290,042-S01-013,S01,290,Omeprazole,Concomitant maintenance,2025-12-01,500 mg,Oral,2
CM_042-S02-013_291,042-S02-013,S02,291,Metformin,Concomitant maintenance,2025-12-01,500 mg,Oral,2
CM_042-S02-013_292,042-S02-013,S02,292,Omeprazole,Concomitant maintenance,2025-12-01,500 mg,Oral,2
CM_042-S02-013_293,042-S02-013,S02,293,Paracetamol,Concomitant maintenance,2025-12-01,500 mg,Oral,2
CM_042-S03-013_294,042-S03-013,S03,294,Metformin,Concomitant maintenance,2025-12-01,500 mg,Oral,2
CM_042-S03-013_295,042-S03-013,S03,295,Atorvastatin,Concomitant maintenance,2025-12-01,500 mg,Oral,2
CM_042-S03-013_296,042-S03-013,S03,296,Lisinopril,Concomitant maintenance,2025-12-01,500 mg,Oral,2
CM_042-S04-013_297,042-S04-013,S04,297,Lisinopril,Concomitant maintenance,2025-12-01,500 mg,Oral,2
CM_042-S04-013_298,042-S04-013,S04,298,Atorvastatin,Concomitant maintenance,2025-12-01,500 mg,Oral,2
CM_042-S04-013_299,042-S04-013,S04,299,Aspirin,Concomitant maintenance,2025-12-01,500 mg,Oral,2
CM_042-S05-013_300,042-S05-013,S05,300,Atorvastatin,Concomitant maintenance,2025-12-01,500 mg,Oral,2
CM_042-S06-013_301,042-S06-013,S06,301,Atorvastatin,Concomitant maintenance,2025-12-01,500 mg,Oral,2
CM_042-S06-013_302,042-S06-013,S06,302,Omeprazole,Concomitant maintenance,2025-12-01,500 mg,Oral,2
CM_042-S06-013_303,042-S06-013,S06,303,Aspirin,Concomitant maintenance,2025-12-01,500 mg,Oral,2
CM_042-S07-013_304,042-S07-013,S07,304,Paracetamol,Concomitant maintenance,2025-12-01,500 mg,Oral,2
CM_042-S07-013_305,042-S07-013,S07,305,Aspirin,Concomitant maintenance,2025-12-01,500 mg,Oral,2
CM_042-S07-013_306,042-S07-013,S07,306,Lisinopril,Concomitant maintenance,2025-12-01,500 mg,Oral,2
CM_042-S08-013_307,042-S08-013,S08,307,Atorvastatin,Concomitant maintenance,2025-12-01,500 mg,Oral,2
CM_042-S08-013_308,042-S08-013,S08,308,Aspirin,Concomitant maintenance,2025-12-01,500 mg,Oral,2
CM_042-S08-013_309,042-S08-013,S08,309,Metformin,Concomitant maintenance,2025-12-01,500 mg,Oral,2
CM_042-S09-013_310,042-S09-013,S09,310,Paracetamol,Concomitant maintenance,2025-12-01,500 mg,Oral,2
CM_042-S10-013_311,042-S10-013,S10,311,Aspirin,Concomitant maintenance,2025-12-01,500 mg,Oral,2
CM_042-S10-013_312,042-S10-013,S10,312,Lisinopril,Concomitant maintenance,2025-12-01,500 mg,Oral,2
CM_042-S10-013_313,042-S10-013,S10,313,Omeprazole,Concomitant maintenance,2025-12-01,500 mg,Oral,2
CM_042-S11-013_314,042-S11-013,S11,314,Metformin,Concomitant maintenance,2025-12-01,500 mg,Oral,2
CM_042-S11-013_315,042-S11-013,S11,315,Omeprazole,Concomitant maintenance,2025-12-01,500 mg,Oral,2
CM_042-S11-013_316,042-S11-013,S11,316,Paracetamol,Concomitant maintenance,2025-12-01,500 mg,Oral,2
CM_042-S12-013_317,042-S12-013,S12,317,Lisinopril,Concomitant maintenance,2025-12-01,500 mg,Oral,2
CM_042-S12-013_318,042-S12-013,S12,318,Metformin,Concomitant maintenance,2025-12-01,500 mg,Oral,2
CM_042-S01-014_319,042-S01-014,S01,319,Atorvastatin,Concomitant maintenance,2025-12-01,500 mg,Oral,2
CM_042-S01-014_320,042-S01-014,S01,320,Lisinopril,Concomitant maintenance,2025-12-01,500 mg,Oral,2
CM_042-S01-014_321,042-S01-014,S01,321,Aspirin,Concomitant maintenance,2025-12-01,500 mg,Oral,2
CM_042-S02-014_322,042-S02-014,S02,322,Lisinopril,Concomitant maintenance,2025-12-01,500 mg,Oral,2
CM_042-S02-014_323,042-S02-014,S02,323,Omeprazole,Concomitant maintenance,2025-12-01,500 mg,Oral,2
CM_042-S03-014_324,042-S03-014,S03,324,Metformin,Concomitant maintenance,2025-12-01,500 mg,Oral,2
CM_042-S03-014_325,042-S03-014,S03,325,Lisinopril,Concomitant maintenance,2025-12-01,500 mg,Oral,2
CM_042-S03-014_326,042-S03-014,S03,326,Paracetamol,Concomitant maintenance,2025-12-01,500 mg,Oral,2
CM_042-S04-014_327,042-S04-014,S04,327,Metformin,Concomitant maintenance,2025-12-01,500 mg,Oral,2
CM_042-S05-014_328,042-S05-014,S05,328,Metformin,Concomitant maintenance,2025-12-01,500 mg,Oral,2
CM_042-S05-014_329,042-S05-014,S05,329,Lisinopril,Concomitant maintenance,2025-12-01,500 mg,Oral,2
CM_042-S06-014_330,042-S06-014,S06,330,Paracetamol,Concomitant maintenance,2025-12-01,500 mg,Oral,2
CM_042-S07-014_331,042-S07-014,S07,331,Metformin,Concomitant maintenance,2025-12-01,500 mg,Oral,2
CM_042-S08-014_332,042-S08-014,S08,332,Aspirin,Concomitant maintenance,2025-12-01,500 mg,Oral,2
CM_042-S08-014_333,042-S08-014,S08,333,Metformin,Concomitant maintenance,2025-12-01,500 mg,Oral,2
CM_042-S09-014_334,042-S09-014,S09,334,Atorvastatin,Concomitant maintenance,2025-12-01,500 mg,Oral,2
CM_042-S09-014_335,042-S09-014,S09,335,Aspirin,Concomitant maintenance,2025-12-01,500 mg,Oral,2
CM_042-S10-014_336,042-S10-014,S10,336,Paracetamol,Concomitant maintenance,2025-12-01,500 mg,Oral,2
CM_042-S11-014_337,042-S11-014,S11,337,Atorvastatin,Concomitant maintenance,2025-12-01,500 mg,Oral,2
CM_042-S11-014_338,042-S11-014,S11,338,Paracetamol,Concomitant maintenance,2025-12-01,500 mg,Oral,2
CM_042-S11-014_339,042-S11-014,S11,339,Aspirin,Concomitant maintenance,2025-12-01,500 mg,Oral,2
CM_042-S12-014_340,042-S12-014,S12,340,Lisinopril,Concomitant maintenance,2025-12-01,500 mg,Oral,2
CM_042-S12-014_341,042-S12-014,S12,341,Atorvastatin,Concomitant maintenance,2025-12-01,500 mg,Oral,2
CM_042-S01-015_342,042-S01-015,S01,342,Omeprazole,Concomitant maintenance,2025-12-01,500 mg,Oral,2
CM_042-S01-015_343,042-S01-015,S01,343,Paracetamol,Concomitant maintenance,2025-12-01,500 mg,Oral,2
CM_042-S02-015_344,042-S02-015,S02,344,Paracetamol,Concomitant maintenance,2025-12-01,500 mg,Oral,2
CM_042-S02-015_345,042-S02-015,S02,345,Omeprazole,Concomitant maintenance,2025-12-01,500 mg,Oral,2
CM_042-S03-015_346,042-S03-015,S03,346,Metformin,Concomitant maintenance,2025-12-01,500 mg,Oral,2
CM_042-S03-015_347,042-S03-015,S03,347,Aspirin,Concomitant maintenance,2025-12-01,500 mg,Oral,2
CM_042-S03-015_348,042-S03-015,S03,348,Paracetamol,Concomitant maintenance,2025-12-01,500 mg,Oral,2
CM_042-S04-015_349,042-S04-015,S04,349,Atorvastatin,Concomitant maintenance,2025-12-01,500 mg,Oral,2
CM_042-S04-015_350,042-S04-015,S04,350,Paracetamol,Concomitant maintenance,2025-12-01,500 mg,Oral,2
CM_042-S05-015_351,042-S05-015,S05,351,Atorvastatin,Concomitant maintenance,2025-12-01,500 mg,Oral,2
CM_042-S06-015_352,042-S06-015,S06,352,Aspirin,Concomitant maintenance,2025-12-01,500 mg,Oral,2
CM_042-S06-015_353,042-S06-015,S06,353,Paracetamol,Concomitant maintenance,2025-12-01,500 mg,Oral,2
CM_042-S06-015_354,042-S06-015,S06,354,Metformin,Concomitant maintenance,2025-12-01,500 mg,Oral,2
CM_042-S07-015_355,042-S07-015,S07,355,Paracetamol,Concomitant maintenance,2025-12-01,500 mg,Oral,2
CM_042-S07-015_356,042-S07-015,S07,356,Omeprazole,Concomitant maintenance,2025-12-01,500 mg,Oral,2
CM_042-S08-015_357,042-S08-015,S08,357,Atorvastatin,Concomitant maintenance,2025-12-01,500 mg,Oral,2
CM_042-S08-015_358,042-S08-015,S08,358,Aspirin,Concomitant maintenance,2025-12-01,500 mg,Oral,2
CM_042-S08-015_359,042-S08-015,S08,359,Metformin,Concomitant maintenance,2025-12-01,500 mg,Oral,2
CM_042-S09-015_360,042-S09-015,S09,360,Metformin,Concomitant maintenance,2025-12-01,500 mg,Oral,2
CM_042-S09-015_361,042-S09-015,S09,361,Aspirin,Concomitant maintenance,2025-12-01,500 mg,Oral,2
CM_042-S10-015_362,042-S10-015,S10,362,Aspirin,Concomitant maintenance,2025-12-01,500 mg,Oral,2
CM_042-S11-015_363,042-S11-015,S11,363,Omeprazole,Concomitant maintenance,2025-12-01,500 mg,Oral,2
CM_042-S11-015_364,042-S11-015,S11,364,Metformin,Concomitant maintenance,2025-12-01,500 mg,Oral,2
CM_042-S12-015_365,042-S12-015,S12,365,Lisinopril,Concomitant maintenance,2025-12-01,500 mg,Oral,2
CM_042-S01-016_366,042-S01-016,S01,366,Paracetamol,Concomitant maintenance,2025-12-01,500 mg,Oral,3
CM_042-S01-016_367,042-S01-016,S01,367,Metformin,Concomitant maintenance,2025-12-01,500 mg,Oral,3
CM_042-S01-016_368,042-S01-016,S01,368,Aspirin,Concomitant maintenance,2025-12-01,500 mg,Oral,3
CM_042-S02-016_369,042-S02-016,S02,369,Paracetamol,Concomitant maintenance,2025-12-01,500 mg,Oral,3
CM_042-S02-016_370,042-S02-016,S02,370,Atorvastatin,Concomitant maintenance,2025-12-01,500 mg,Oral,3
CM_042-S03-016_371,042-S03-016,S03,371,Omeprazole,Concomitant maintenance,2025-12-01,500 mg,Oral,3
CM_042-S04-016_372,042-S04-016,S04,372,Metformin,Concomitant maintenance,2025-12-01,500 mg,Oral,3
CM_042-S04-016_373,042-S04-016,S04,373,Atorvastatin,Concomitant maintenance,2025-12-01,500 mg,Oral,3
CM_042-S05-016_374,042-S05-016,S05,374,Omeprazole,Concomitant maintenance,2025-12-01,500 mg,Oral,3
CM_042-S05-016_375,042-S05-016,S05,375,Aspirin,Concomitant maintenance,2025-12-01,500 mg,Oral,3
CM_042-S06-016_376,042-S06-016,S06,376,Omeprazole,Concomitant maintenance,2025-12-01,500 mg,Oral,3
CM_042-S07-016_377,042-S07-016,S07,377,Metformin,Concomitant maintenance,2025-12-01,500 mg,Oral,3
CM_042-S07-016_378,042-S07-016,S07,378,Paracetamol,Concomitant maintenance,2025-12-01,500 mg,Oral,3
CM_042-S08-016_379,042-S08-016,S08,379,Lisinopril,Concomitant maintenance,2025-12-01,500 mg,Oral,3
CM_042-S08-016_380,042-S08-016,S08,380,Omeprazole,Concomitant maintenance,2025-12-01,500 mg,Oral,3
CM_042-S08-016_381,042-S08-016,S08,381,Metformin,Concomitant maintenance,2025-12-01,500 mg,Oral,3
CM_042-S09-016_382,042-S09-016,S09,382,Aspirin,Concomitant maintenance,2025-12-01,500 mg,Oral,3
CM_042-S09-016_383,042-S09-016,S09,383,Metformin,Concomitant maintenance,2025-12-01,500 mg,Oral,3
CM_042-S09-016_384,042-S09-016,S09,384,Lisinopril,Concomitant maintenance,2025-12-01,500 mg,Oral,3
CM_042-S10-016_385,042-S10-016,S10,385,Atorvastatin,Concomitant maintenance,2025-12-01,500 mg,Oral,3
CM_042-S10-016_386,042-S10-016,S10,386,Omeprazole,Concomitant maintenance,2025-12-01,500 mg,Oral,3
CM_042-S11-016_387,042-S11-016,S11,387,Omeprazole,Concomitant maintenance,2025-12-01,500 mg,Oral,3
CM_042-S11-016_388,042-S11-016,S11,388,Metformin,Concomitant maintenance,2025-12-01,500 mg,Oral,3
CM_042-S12-016_389,042-S12-016,S12,389,Omeprazole,Concomitant maintenance,2025-12-01,500 mg,Oral,3
CM_042-S12-016_390,042-S12-016,S12,390,Metformin,Concomitant maintenance,2025-12-01,500 mg,Oral,3
CM_042-S01-017_391,042-S01-017,S01,391,Omeprazole,Concomitant maintenance,2025-12-01,500 mg,Oral,3
CM_042-S01-017_392,042-S01-017,S01,392,Aspirin,Concomitant maintenance,2025-12-01,500 mg,Oral,3
CM_042-S01-017_393,042-S01-017,S01,393,Lisinopril,Concomitant maintenance,2025-12-01,500 mg,Oral,3
CM_042-S02-017_394,042-S02-017,S02,394,Atorvastatin,Concomitant maintenance,2025-12-01,500 mg,Oral,3
CM_042-S02-017_395,042-S02-017,S02,395,Lisinopril,Concomitant maintenance,2025-12-01,500 mg,Oral,3
CM_042-S03-017_396,042-S03-017,S03,396,Atorvastatin,Concomitant maintenance,2025-12-01,500 mg,Oral,3
CM_042-S04-017_397,042-S04-017,S04,397,Atorvastatin,Concomitant maintenance,2025-12-01,500 mg,Oral,3
CM_042-S04-017_398,042-S04-017,S04,398,Aspirin,Concomitant maintenance,2025-12-01,500 mg,Oral,3
CM_042-S04-017_399,042-S04-017,S04,399,Metformin,Concomitant maintenance,2025-12-01,500 mg,Oral,3
CM_042-S05-017_400,042-S05-017,S05,400,Lisinopril,Concomitant maintenance,2025-12-01,500 mg,Oral,3
CM_042-S05-017_401,042-S05-017,S05,401,Metformin,Concomitant maintenance,2025-12-01,500 mg,Oral,3
CM_042-S05-017_402,042-S05-017,S05,402,Paracetamol,Concomitant maintenance,2025-12-01,500 mg,Oral,3
CM_042-S06-017_403,042-S06-017,S06,403,Aspirin,Concomitant maintenance,2025-12-01,500 mg,Oral,3
CM_042-S06-017_404,042-S06-017,S06,404,Lisinopril,Concomitant maintenance,2025-12-01,500 mg,Oral,3
CM_042-S07-017_405,042-S07-017,S07,405,Aspirin,Concomitant maintenance,2025-12-01,500 mg,Oral,3
CM_042-S08-017_406,042-S08-017,S08,406,Paracetamol,Concomitant maintenance,2025-12-01,500 mg,Oral,3
CM_042-S08-017_407,042-S08-017,S08,407,Lisinopril,Concomitant maintenance,2025-12-01,500 mg,Oral,3
CM_042-S08-017_408,042-S08-017,S08,408,Aspirin,Concomitant maintenance,2025-12-01,500 mg,Oral,3
CM_042-S09-017_409,042-S09-017,S09,409,Atorvastatin,Concomitant maintenance,2025-12-01,500 mg,Oral,3
CM_042-S10-017_410,042-S10-017,S10,410,Lisinopril,Concomitant maintenance,2025-12-01,500 mg,Oral,3
CM_042-S11-017_411,042-S11-017,S11,411,Paracetamol,Concomitant maintenance,2025-12-01,500 mg,Oral,3
CM_042-S11-017_412,042-S11-017,S11,412,Omeprazole,Concomitant maintenance,2025-12-01,500 mg,Oral,3
CM_042-S12-017_413,042-S12-017,S12,413,Lisinopril,Concomitant maintenance,2025-12-01,500 mg,Oral,3
CM_042-S12-017_414,042-S12-017,S12,414,Aspirin,Concomitant maintenance,2025-12-01,500 mg,Oral,3
CM_042-S01-018_415,042-S01-018,S01,415,Metformin,Concomitant maintenance,2025-12-01,500 mg,Oral,3
CM_042-S01-018_416,042-S01-018,S01,416,Paracetamol,Concomitant maintenance,2025-12-01,500 mg,Oral,3
CM_042-S01-018_417,042-S01-018,S01,417,Lisinopril,Concomitant maintenance,2025-12-01,500 mg,Oral,3
CM_042-S02-018_418,042-S02-018,S02,418,Lisinopril,Concomitant maintenance,2025-12-01,500 mg,Oral,3
CM_042-S03-018_419,042-S03-018,S03,419,Omeprazole,Concomitant maintenance,2025-12-01,500 mg,Oral,3
CM_042-S03-018_420,042-S03-018,S03,420,Paracetamol,Concomitant maintenance,2025-12-01,500 mg,Oral,3
CM_042-S03-018_421,042-S03-018,S03,421,Metformin,Concomitant maintenance,2025-12-01,500 mg,Oral,3
CM_042-S04-018_422,042-S04-018,S04,422,Aspirin,Concomitant maintenance,2025-12-01,500 mg,Oral,3
CM_042-S04-018_423,042-S04-018,S04,423,Atorvastatin,Concomitant maintenance,2025-12-01,500 mg,Oral,3
CM_042-S05-018_424,042-S05-018,S05,424,Aspirin,Concomitant maintenance,2025-12-01,500 mg,Oral,3
CM_042-S05-018_425,042-S05-018,S05,425,Metformin,Concomitant maintenance,2025-12-01,500 mg,Oral,3
CM_042-S05-018_426,042-S05-018,S05,426,Atorvastatin,Concomitant maintenance,2025-12-01,500 mg,Oral,3
CM_042-S06-018_427,042-S06-018,S06,427,Omeprazole,Concomitant maintenance,2025-12-01,500 mg,Oral,3
CM_042-S06-018_428,042-S06-018,S06,428,Metformin,Concomitant maintenance,2025-12-01,500 mg,Oral,3
CM_042-S06-018_429,042-S06-018,S06,429,Aspirin,Concomitant maintenance,2025-12-01,500 mg,Oral,3
CM_042-S07-018_430,042-S07-018,S07,430,Metformin,Concomitant maintenance,2025-12-01,500 mg,Oral,3
CM_042-S07-018_431,042-S07-018,S07,431,Atorvastatin,Concomitant maintenance,2025-12-01,500 mg,Oral,3
CM_042-S08-018_432,042-S08-018,S08,432,Omeprazole,Concomitant maintenance,2025-12-01,500 mg,Oral,3
CM_042-S08-018_433,042-S08-018,S08,433,Aspirin,Concomitant maintenance,2025-12-01,500 mg,Oral,3
CM_042-S09-018_434,042-S09-018,S09,434,Metformin,Concomitant maintenance,2025-12-01,500 mg,Oral,3
CM_042-S10-018_435,042-S10-018,S10,435,Atorvastatin,Concomitant maintenance,2025-12-01,500 mg,Oral,3
CM_042-S11-018_436,042-S11-018,S11,436,Atorvastatin,Concomitant maintenance,2025-12-01,500 mg,Oral,3
CM_042-S11-018_437,042-S11-018,S11,437,Aspirin,Concomitant maintenance,2025-12-01,500 mg,Oral,3
CM_042-S11-018_438,042-S11-018,S11,438,Omeprazole,Concomitant maintenance,2025-12-01,500 mg,Oral,3
CM_042-S12-018_439,042-S12-018,S12,439,Lisinopril,Concomitant maintenance,2025-12-01,500 mg,Oral,3
CM_042-S12-018_440,042-S12-018,S12,440,Paracetamol,Concomitant maintenance,2025-12-01,500 mg,Oral,3
CM_042-S12-018_441,042-S12-018,S12,441,Metformin,Concomitant maintenance,2025-12-01,500 mg,Oral,3
CM_042-S01-019_442,042-S01-019,S01,442,Lisinopril,Concomitant maintenance,2025-12-01,500 mg,Oral,3
CM_042-S02-019_443,042-S02-019,S02,443,Omeprazole,Concomitant maintenance,2025-12-01,500 mg,Oral,3
CM_042-S03-019_444,042-S03-019,S03,444,Paracetamol,Concomitant maintenance,2025-12-01,500 mg,Oral,3
CM_042-S04-019_445,042-S04-019,S04,445,Aspirin,Concomitant maintenance,2025-12-01,500 mg,Oral,3
CM_042-S05-019_446,042-S05-019,S05,446,Omeprazole,Concomitant maintenance,2025-12-01,500 mg,Oral,4
CM_042-S05-019_447,042-S05-019,S05,447,Atorvastatin,Concomitant maintenance,2025-12-01,500 mg,Oral,4
CM_042-S05-019_448,042-S05-019,S05,448,Paracetamol,Concomitant maintenance,2025-12-01,500 mg,Oral,4
CM_042-S06-019_449,042-S06-019,S06,449,Metformin,Concomitant maintenance,2025-12-01,500 mg,Oral,4
CM_042-S06-019_450,042-S06-019,S06,450,Lisinopril,Concomitant maintenance,2025-12-01,500 mg,Oral,4
CM_042-S07-019_451,042-S07-019,S07,451,Aspirin,Concomitant maintenance,2025-12-01,500 mg,Oral,4
CM_042-S07-019_452,042-S07-019,S07,452,Metformin,Concomitant maintenance,2025-12-01,500 mg,Oral,4
CM_042-S07-019_453,042-S07-019,S07,453,Omeprazole,Concomitant maintenance,2025-12-01,500 mg,Oral,4
CM_042-S08-019_454,042-S08-019,S08,454,Lisinopril,Concomitant maintenance,2025-12-01,500 mg,Oral,4
CM_042-S09-019_455,042-S09-019,S09,455,Atorvastatin,Concomitant maintenance,2025-12-01,500 mg,Oral,4
CM_042-S10-019_456,042-S10-019,S10,456,Paracetamol,Concomitant maintenance,2025-12-01,500 mg,Oral,4
CM_042-S11-019_457,042-S11-019,S11,457,Aspirin,Concomitant maintenance,2025-12-01,500 mg,Oral,4
CM_042-S11-019_458,042-S11-019,S11,458,Metformin,Concomitant maintenance,2025-12-01,500 mg,Oral,4
CM_042-S11-019_459,042-S11-019,S11,459,Atorvastatin,Concomitant maintenance,2025-12-01,500 mg,Oral,4
CM_042-S12-019_460,042-S12-019,S12,460,Omeprazole,Concomitant maintenance,2025-12-01,500 mg,Oral,4
CM_042-S01-020_461,042-S01-020,S01,461,Metformin,Concomitant maintenance,2025-12-01,500 mg,Oral,4
CM_042-S02-020_462,042-S02-020,S02,462,Paracetamol,Concomitant maintenance,2025-12-01,500 mg,Oral,4
CM_042-S02-020_463,042-S02-020,S02,463,Atorvastatin,Concomitant maintenance,2025-12-01,500 mg,Oral,4
CM_042-S02-020_464,042-S02-020,S02,464,Metformin,Concomitant maintenance,2025-12-01,500 mg,Oral,4
CM_042-S03-020_465,042-S03-020,S03,465,Lisinopril,Concomitant maintenance,2025-12-01,500 mg,Oral,4
CM_042-S03-020_466,042-S03-020,S03,466,Atorvastatin,Concomitant maintenance,2025-12-01,500 mg,Oral,4
CM_042-S04-020_467,042-S04-020,S04,467,Aspirin,Concomitant maintenance,2025-12-01,500 mg,Oral,4
CM_042-S05-020_468,042-S05-020,S05,468,Lisinopril,Concomitant maintenance,2025-12-01,500 mg,Oral,4
CM_042-S06-020_469,042-S06-020,S06,469,Aspirin,Concomitant maintenance,2025-12-01,500 mg,Oral,4
CM_042-S06-020_470,042-S06-020,S06,470,Paracetamol,Concomitant maintenance,2025-12-01,500 mg,Oral,4
CM_042-S06-020_471,042-S06-020,S06,471,Omeprazole,Concomitant maintenance,2025-12-01,500 mg,Oral,4
CM_042-S07-020_472,042-S07-020,S07,472,Metformin,Concomitant maintenance,2025-12-01,500 mg,Oral,4
CM_042-S08-020_473,042-S08-020,S08,473,Aspirin,Concomitant maintenance,2025-12-01,500 mg,Oral,4
CM_042-S09-020_474,042-S09-020,S09,474,Paracetamol,Concomitant maintenance,2025-12-01,500 mg,Oral,4
CM_042-S09-020_475,042-S09-020,S09,475,Omeprazole,Concomitant maintenance,2025-12-01,500 mg,Oral,4
CM_042-S09-020_476,042-S09-020,S09,476,Metformin,Concomitant maintenance,2025-12-01,500 mg,Oral,4
CM_042-S10-020_477,042-S10-020,S10,477,Paracetamol,Concomitant maintenance,2025-12-01,500 mg,Oral,4
CM_042-S11-020_478,042-S11-020,S11,478,Omeprazole,Concomitant maintenance,2025-12-01,500 mg,Oral,4
CM_042-S12-020_479,042-S12-020,S12,479,Metformin,Concomitant maintenance,2025-12-01,500 mg,Oral,4
CM_042-S01-021_480,042-S01-021,S01,480,Omeprazole,Concomitant maintenance,2025-12-01,500 mg,Oral,4
CM_042-S01-021_481,042-S01-021,S01,481,Metformin,Concomitant maintenance,2025-12-01,500 mg,Oral,4
