cut,cut_name,date,protocol_version,description
1,Cut 1,2026-01-24,v1,Longitudinal Surveillance Cut 1
2,Cut 2,2026-02-10,v1,Longitudinal Surveillance Cut 2
3,Cut 3,2026-02-24,v1,Longitudinal Surveillance Cut 3
4,Cut 4,2026-03-10,v2,Longitudinal Surveillance Cut 4
5,Cut 5,2026-03-24,v2,Longitudinal Surveillance Cut 5
6,Cut 6,2026-04-10,v2,Longitudinal Surveillance Cut 6
7,Cut 7,2026-04-24,v2,Longitudinal Surveillance Cut 7
8,Cut 8,2026-05-10,v3,Longitudinal Surveillance Cut 8
9,Cut 9,2026-05-24,v3,Longitudinal Surveillance Cut 9
10,Cut 10,2026-06-10,v3,Longitudinal Surveillance Cut 10
11,Cut 11,2026-06-24,v3,Longitudinal Surveillance Cut 11
12,Cut 12,2026-07-10,v3,Longitudinal Surveillance Cut 12
