record_id,usubjid,site,completion_status,reason_discontinued,disposition_date,cut_available
DS_042-S01-001,042-S01-001,S01,Ongoing,,2026-06-30,1
DS_042-S01-002,042-S01-002,S01,Ongoing,,2026-06-30,1
DS_042-S02-001,042-S02-001,S02,Ongoing,,2026-06-30,1
DS_042-S03-001,042-S03-001,S03,Ongoing,,2026-06-30,1
DS_042-S05-001,042-S05-001,S05,Ongoing,,2026-06-30,1
DS_042-S05-003,042-S05-003,S05,Ongoing,,2026-06-30,1
DS_042-S07-001,042-S07-001,S07,Ongoing,,2026-06-30,1
DS_042-S07-002,042-S07-002,S07,Discontinued,Adverse Event: Severe Hepatotoxicity,2026-03-01,3
DS_042-S07-003,042-S07-003,S07,Discontinued,Adverse Event: Grade 3 Rash,2026-03-01,3
DS_042-S10-001,042-S10-001,S10,Ongoing,,2026-06-30,1
DS_042-S11-001,042-S11-001,S11,Ongoing,,2026-06-30,1
DS_042-S12-001,042-S12-001,S12,Ongoing,,2026-06-30,1
DS_042-S01-002,042-S01-002,S01,Ongoing,,2026-06-30,1
DS_042-S02-002,042-S02-002,S02,Ongoing,,2026-06-30,1
DS_042-S03-002,042-S03-002,S03,Ongoing,,2026-06-30,1
DS_042-S04-002,042-S04-002,S04,Ongoing,,2026-06-30,1
DS_042-S05-002,042-S05-002,S05,Ongoing,,2026-06-30,1
DS_042-S06-002,042-S06-002,S06,Ongoing,,2026-06-30,1
DS_042-S07-002,042-S07-002,S07,Discontinued,Adverse Event: Severe Hepatotoxicity,2026-03-01,3
DS_042-S08-002,042-S08-002,S08,Ongoing,,2026-06-30,1
DS_042-S09-002,042-S09-002,S09,Ongoing,,2026-06-30,1
DS_042-S10-002,042-S10-002,S10,Ongoing,,2026-06-30,1
DS_042-S11-002,042-S11-002,S11,Ongoing,,2026-06-30,1
DS_042-S12-002,042-S12-002,S12,Ongoing,,2026-06-30,1
DS_042-S01-003,042-S01-003,S01,Ongoing,,2026-06-30,1
DS_042-S02-003,042-S02-003,S02,Ongoing,,2026-06-30,1
DS_042-S03-003,042-S03-003,S03,Ongoing,,2026-06-30,1
DS_042-S04-003,042-S04-003,S04,Ongoing,,2026-06-30,1
DS_042-S05-003,042-S05-003,S05,Ongoing,,2026-06-30,1
DS_042-S06-003,042-S06-003,S06,Ongoing,,2026-06-30,1
DS_042-S07-003,042-S07-003,S07,Discontinued,Adverse Event: Grade 3 Rash,2026-03-01,3
DS_042-S08-003,042-S08-003,S08,Ongoing,,2026-06-30,1
DS_042-S09-003,042-S09-003,S09,Ongoing,,2026-06-30,1
DS_042-S10-003,042-S10-003,S10,Ongoing,,2026-06-30,1
DS_042-S11-003,042-S11-003,S11,Ongoing,,2026-06-30,1
DS_042-S12-003,042-S12-003,S12,Ongoing,,2026-06-30,1
DS_042-S01-004,042-S01-004,S01,Ongoing,,2026-06-30,1
DS_042-S02-004,042-S02-004,S02,Ongoing,,2026-06-30,1
DS_042-S03-004,042-S03-004,S03,Ongoing,,2026-06-30,1
DS_042-S04-004,042-S04-004,S04,Ongoing,,2026-06-30,1
DS_042-S05-004,042-S05-004,S05,Ongoing,,2026-06-30,1
DS_042-S06-004,042-S06-004,S06,Ongoing,,2026-06-30,1
DS_042-S07-004,042-S07-004,S07,Ongoing,,2026-06-30,1
DS_042-S08-004,042-S08-004,S08,Ongoing,,2026-06-30,1
DS_042-S09-004,042-S09-004,S09,Ongoing,,2026-06-30,1
DS_042-S10-004,042-S10-004,S10,Ongoing,,2026-06-30,1
DS_042-S11-004,042-S11-004,S11,Ongoing,,2026-06-30,1
DS_042-S12-004,042-S12-004,S12,Ongoing,,2026-06-30,1
DS_042-S01-005,042-S01-005,S01,Ongoing,,2026-06-30,1
DS_042-S02-005,042-S02-005,S02,Ongoing,,2026-06-30,1
DS_042-S03-005,042-S03-005,S03,Ongoing,,2026-06-30,1
DS_042-S04-005,042-S04-005,S04,Ongoing,,2026-06-30,1
DS_042-S05-005,042-S05-005,S05,Ongoing,,2026-06-30,1
DS_042-S06-005,042-S06-005,S06,Ongoing,,2026-06-30,1
DS_042-S07-005,042-S07-005,S07,Ongoing,,2026-06-30,1
DS_042-S08-005,042-S08-005,S08,Ongoing,,2026-06-30,1
DS_042-S09-005,042-S09-005,S09,Ongoing,,2026-06-30,1
DS_042-S10-005,042-S10-005,S10,Ongoing,,2026-06-30,1
DS_042-S11-005,042-S11-005,S11,Ongoing,,2026-06-30,1
DS_042-S12-005,042-S12-005,S12,Ongoing,,2026-06-30,1
DS_042-S01-006,042-S01-006,S01,Ongoing,,2026-06-30,1
DS_042-S02-006,042-S02-006,S02,Ongoing,,2026-06-30,1
DS_042-S03-006,042-S03-006,S03,Ongoing,,2026-06-30,1
DS_042-S04-006,042-S04-006,S04,Ongoing,,2026-06-30,1
DS_042-S05-006,042-S05-006,S05,Ongoing,,2026-06-30,1
DS_042-S06-006,042-S06-006,S06,Ongoing,,2026-06-30,1
DS_042-S07-006,042-S07-006,S07,Ongoing,,2026-06-30,1
DS_042-S08-006,042-S08-006,S08,Ongoing,,2026-06-30,1
DS_042-S09-006,042-S09-006,S09,Ongoing,,2026-06-30,1
DS_042-S10-006,042-S10-006,S10,Ongoing,,2026-06-30,1
DS_042-S11-006,042-S11-006,S11,Ongoing,,2026-06-30,1
DS_042-S12-006,042-S12-006,S12,Ongoing,,2026-06-30,1
DS_042-S01-007,042-S01-007,S01,Ongoing,,2026-06-30,1
DS_042-S02-007,042-S02-007,S02,Ongoing,,2026-06-30,1
DS_042-S03-007,042-S03-007,S03,Ongoing,,2026-06-30,1
DS_042-S04-007,042-S04-007,S04,Ongoing,,2026-06-30,1
DS_042-S05-007,042-S05-007,S05,Ongoing,,2026-06-30,1
DS_042-S06-007,042-S06-007,S06,Ongoing,,2026-06-30,1
DS_042-S07-007,042-S07-007,S07,Ongoing,,2026-06-30,1
DS_042-S08-007,042-S08-007,S08,Ongoing,,2026-06-30,1
DS_042-S09-007,042-S09-007,S09,Ongoing,,2026-06-30,1
DS_042-S10-007,042-S10-007,S10,Ongoing,,2026-06-30,1
DS_042-S11-007,042-S11-007,S11,Ongoing,,2026-06-30,1
DS_042-S12-007,042-S12-007,S12,Ongoing,,2026-06-30,1
DS_042-S01-008,042-S01-008,S01,Ongoing,,2026-06-30,1
DS_042-S02-008,042-S02-008,S02,Ongoing,,2026-06-30,1
DS_042-S03-008,042-S03-008,S03,Ongoing,,2026-06-30,1
DS_042-S04-008,042-S04-008,S04,Ongoing,,2026-06-30,1
DS_042-S05-008,042-S05-008,S05,Ongoing,,2026-06-30,1
DS_042-S06-008,042-S06-008,S06,Ongoing,,2026-06-30,1
DS_042-S07-008,042-S07-008,S07,Ongoing,,2026-06-30,1
DS_042-S08-008,042-S08-008,S08,Ongoing,,2026-06-30,1
DS_042-S09-008,042-S09-008,S09,Ongoing,,2026-06-30,1
DS_042-S10-008,042-S10-008,S10,Ongoing,,2026-06-30,1
DS_042-S11-008,042-S11-008,S11,Ongoing,,2026-06-30,1
DS_042-S12-008,042-S12-008,S12,Ongoing,,2026-06-30,1
DS_042-S01-009,042-S01-009,S01,Ongoing,,2026-06-30,1
DS_042-S02-009,042-S02-009,S02,Ongoing,,2026-06-30,1
DS_042-S03-009,042-S03-009,S03,Ongoing,,2026-06-30,1
DS_042-S04-009,042-S04-009,S04,Ongoing,,2026-06-30,1
DS_042-S05-009,042-S05-009,S05,Ongoing,,2026-06-30,1
DS_042-S06-009,042-S06-009,S06,Ongoing,,2026-06-30,1
DS_042-S07-009,042-S07-009,S07,Ongoing,,2026-06-30,1
DS_042-S08-009,042-S08-009,S08,Ongoing,,2026-06-30,1
DS_042-S09-009,042-S09-009,S09,Ongoing,,2026-06-30,1
DS_042-S10-009,042-S10-009,S10,Ongoing,,2026-06-30,1
DS_042-S11-009,042-S11-009,S11,Ongoing,,2026-06-30,1
DS_042-S12-009,042-S12-009,S12,Ongoing,,2026-06-30,1
DS_042-S01-010,042-S01-010,S01,Ongoing,,2026-06-30,1
DS_042-S02-010,042-S02-010,S02,Ongoing,,2026-06-30,1
DS_042-S03-010,042-S03-010,S03,Ongoing,,2026-06-30,1
DS_042-S04-010,042-S04-010,S04,Ongoing,,2026-06-30,1
DS_042-S05-010,042-S05-010,S05,Ongoing,,2026-06-30,1
DS_042-S06-010,042-S06-010,S06,Ongoing,,2026-06-30,1
DS_042-S07-010,042-S07-010,S07,Ongoing,,2026-06-30,1
DS_042-S08-010,042-S08-010,S08,Ongoing,,2026-06-30,1
DS_042-S09-010,042-S09-010,S09,Ongoing,,2026-06-30,1
DS_042-S10-010,042-S10-010,S10,Ongoing,,2026-06-30,1
DS_042-S11-010,042-S11-010,S11,Ongoing,,2026-06-30,1
DS_042-S12-010,042-S12-010,S12,Ongoing,,2026-06-30,1
DS_042-S01-011,042-S01-011,S01,Ongoing,,2026-06-30,2
DS_042-S02-011,042-S02-011,S02,Ongoing,,2026-06-30,2
DS_042-S03-011,042-S03-011,S03,Ongoing,,2026-06-30,2
DS_042-S04-011,042-S04-011,S04,Ongoing,,2026-06-30,2
DS_042-S05-011,042-S05-011,S05,Ongoing,,2026-06-30,2
DS_042-S06-011,042-S06-011,S06,Ongoing,,2026-06-30,2
DS_042-S07-011,042-S07-011,S07,Ongoing,,2026-06-30,2
DS_042-S08-011,042-S08-011,S08,Ongoing,,2026-06-30,2
DS_042-S09-011,042-S09-011,S09,Ongoing,,2026-06-30,2
DS_042-S10-011,042-S10-011,S10,Ongoing,,2026-06-30,2
DS_042-S11-011,042-S11-011,S11,Ongoing,,2026-06-30,2
DS_042-S12-011,042-S12-011,S12,Ongoing,,2026-06-30,2
DS_042-S01-012,042-S01-012,S01,Ongoing,,2026-06-30,2
DS_042-S02-012,042-S02-012,S02,Ongoing,,2026-06-30,2
DS_042-S03-012,042-S03-012,S03,Ongoing,,2026-06-30,2
DS_042-S04-012,042-S04-012,S04,Ongoing,,2026-06-30,2
DS_042-S05-012,042-S05-012,S05,Ongoing,,2026-06-30,2
DS_042-S06-012,042-S06-012,S06,Ongoing,,2026-06-30,2
DS_042-S07-012,042-S07-012,S07,Ongoing,,2026-06-30,2
DS_042-S08-012,042-S08-012,S08,Ongoing,,2026-06-30,2
DS_042-S09-012,042-S09-012,S09,Ongoing,,2026-06-30,2
DS_042-S10-012,042-S10-012,S10,Ongoing,,2026-06-30,2
DS_042-S11-012,042-S11-012,S11,Ongoing,,2026-06-30,2
DS_042-S12-012,042-S12-012,S12,Ongoing,,2026-06-30,2
DS_042-S01-013,042-S01-013,S01,Ongoing,,2026-06-30,2
DS_042-S02-013,042-S02-013,S02,Ongoing,,2026-06-30,2
DS_042-S03-013,042-S03-013,S03,Ongoing,,2026-06-30,2
DS_042-S04-013,042-S04-013,S04,Ongoing,,2026-06-30,2
DS_042-S05-013,042-S05-013,S05,Ongoing,,2026-06-30,2
DS_042-S06-013,042-S06-013,S06,Ongoing,,2026-06-30,2
DS_042-S07-013,042-S07-013,S07,Ongoing,,2026-06-30,2
DS_042-S08-013,042-S08-013,S08,Ongoing,,2026-06-30,2
DS_042-S09-013,042-S09-013,S09,Ongoing,,2026-06-30,2
DS_042-S10-013,042-S10-013,S10,Ongoing,,2026-06-30,2
DS_042-S11-013,042-S11-013,S11,Ongoing,,2026-06-30,2
DS_042-S12-013,042-S12-013,S12,Ongoing,,2026-06-30,2
DS_042-S01-014,042-S01-014,S01,Ongoing,,2026-06-30,2
DS_042-S02-014,042-S02-014,S02,Ongoing,,2026-06-30,2
DS_042-S03-014,042-S03-014,S03,Ongoing,,2026-06-30,2
DS_042-S04-014,042-S04-014,S04,Ongoing,,2026-06-30,2
DS_042-S05-014,042-S05-014,S05,Ongoing,,2026-06-30,2
DS_042-S06-014,042-S06-014,S06,Ongoing,,2026-06-30,2
DS_042-S07-014,042-S07-014,S07,Ongoing,,2026-06-30,2
DS_042-S08-014,042-S08-014,S08,Ongoing,,2026-06-30,2
DS_042-S09-014,042-S09-014,S09,Ongoing,,2026-06-30,2
DS_042-S10-014,042-S10-014,S10,Ongoing,,2026-06-30,2
DS_042-S11-014,042-S11-014,S11,Ongoing,,2026-06-30,2
DS_042-S12-014,042-S12-014,S12,Ongoing,,2026-06-30,2
DS_042-S01-015,042-S01-015,S01,Ongoing,,2026-06-30,2
DS_042-S02-015,042-S02-015,S02,Ongoing,,2026-06-30,2
DS_042-S03-015,042-S03-015,S03,Ongoing,,2026-06-30,2
DS_042-S04-015,042-S04-015,S04,Ongoing,,2026-06-30,2
DS_042-S05-015,042-S05-015,S05,Ongoing,,2026-06-30,2
DS_042-S06-015,042-S06-015,S06,Ongoing,,2026-06-30,2
DS_042-S07-015,042-S07-015,S07,Ongoing,,2026-06-30,2
DS_042-S08-015,042-S08-015,S08,Ongoing,,2026-06-30,2
DS_042-S09-015,042-S09-015,S09,Ongoing,,2026-06-30,2
DS_042-S10-015,042-S10-015,S10,Ongoing,,2026-06-30,2
DS_042-S11-015,042-S11-015,S11,Ongoing,,2026-06-30,2
DS_042-S12-015,042-S12-015,S12,Ongoing,,2026-06-30,2
DS_042-S01-016,042-S01-016,S01,Ongoing,,2026-06-30,3
DS_042-S02-016,042-S02-016,S02,Ongoing,,2026-06-30,3
DS_042-S03-016,042-S03-016,S03,Ongoing,,2026-06-30,3
DS_042-S04-016,042-S04-016,S04,Ongoing,,2026-06-30,3
DS_042-S05-016,042-S05-016,S05,Ongoing,,2026-06-30,3
DS_042-S06-016,042-S06-016,S06,Ongoing,,2026-06-30,3
DS_042-S07-016,042-S07-016,S07,Ongoing,,2026-06-30,3
DS_042-S08-016,042-S08-016,S08,Ongoing,,2026-06-30,3
DS_042-S09-016,042-S09-016,S09,Ongoing,,2026-06-30,3
DS_042-S10-016,042-S10-016,S10,Ongoing,,2026-06-30,3
DS_042-S11-016,042-S11-016,S11,Ongoing,,2026-06-30,3
DS_042-S12-016,042-S12-016,S12,Ongoing,,2026-06-30,3
DS_042-S01-017,042-S01-017,S01,Ongoing,,2026-06-30,3
DS_042-S02-017,042-S02-017,S02,Ongoing,,2026-06-30,3
DS_042-S03-017,042-S03-017,S03,Ongoing,,2026-06-30,3
DS_042-S04-017,042-S04-017,S04,Ongoing,,2026-06-30,3
DS_042-S05-017,042-S05-017,S05,Ongoing,,2026-06-30,3
DS_042-S06-017,042-S06-017,S06,Ongoing,,2026-06-30,3
DS_042-S07-017,042-S07-017,S07,Ongoing,,2026-06-30,3
DS_042-S08-017,042-S08-017,S08,Ongoing,,2026-06-30,3
DS_042-S09-017,042-S09-017,S09,Ongoing,,2026-06-30,3
DS_042-S10-017,042-S10-017,S10,Ongoing,,2026-06-30,3
DS_042-S11-017,042-S11-017,S11,Ongoing,,2026-06-30,3
DS_042-S12-017,042-S12-017,S12,Ongoing,,2026-06-30,3
DS_042-S01-018,042-S01-018,S01,Ongoing,,2026-06-30,3
DS_042-S02-018,042-S02-018,S02,Ongoing,,2026-06-30,3
DS_042-S03-018,042-S03-018,S03,Ongoing,,2026-06-30,3
DS_042-S04-018,042-S04-018,S04,Ongoing,,2026-06-30,3
DS_042-S05-018,042-S05-018,S05,Ongoing,,2026-06-30,3
DS_042-S06-018,042-S06-018,S06,Ongoing,,2026-06-30,3
DS_042-S07-018,042-S07-018,S07,Ongoing,,2026-06-30,3
DS_042-S08-018,042-S08-018,S08,Ongoing,,2026-06-30,3
DS_042-S09-018,042-S09-018,S09,Ongoing,,2026-06-30,3
DS_042-S10-018,042-S10-018,S10,Ongoing,,2026-06-30,3
DS_042-S11-018,042-S11-018,S11,Ongoing,,2026-06-30,3
DS_042-S12-018,042-S12-018,S12,Ongoing,,2026-06-30,3
DS_042-S01-019,042-S01-019,S01,Ongoing,,2026-06-30,3
DS_042-S02-019,042-S02-019,S02,Ongoing,,2026-06-30,3
DS_042-S03-019,042-S03-019,S03,Ongoing,,2026-06-30,3
DS_042-S04-019,042-S04-019,S04,Ongoing,,2026-06-30,3
DS_042-S05-019,042-S05-019,S05,Ongoing,,2026-06-30,4
DS_042-S06-019,042-S06-019,S06,Ongoing,,2026-06-30,4
DS_042-S07-019,042-S07-019,S07,Ongoing,,2026-06-30,4
DS_042-S08-019,042-S08-019,S08,Ongoing,,2026-06-30,4
DS_042-S09-019,042-S09-019,S09,Ongoing,,2026-06-30,4
DS_042-S10-019,042-S10-019,S10,Ongoing,,2026-06-30,4
DS_042-S11-019,042-S11-019,S11,Ongoing,,2026-06-30,4
DS_042-S12-019,042-S12-019,S12,Ongoing,,2026-06-30,4
DS_042-S01-020,042-S01-020,S01,Ongoing,,2026-06-30,4
DS_042-S02-020,042-S02-020,S02,Ongoing,,2026-06-30,4
DS_042-S03-020,042-S03-020,S03,Ongoing,,2026-06-30,4
DS_042-S04-020,042-S04-020,S04,Ongoing,,2026-06-30,4
DS_042-S05-020,042-S05-020,S05,Ongoing,,2026-06-30,4
DS_042-S06-020,042-S06-020,S06,Ongoing,,2026-06-30,4
DS_042-S07-020,042-S07-020,S07,Ongoing,,2026-06-30,4
DS_042-S08-020,042-S08-020,S08,Ongoing,,2026-06-30,4
DS_042-S09-020,042-S09-020,S09,Ongoing,,2026-06-30,4
DS_042-S10-020,042-S10-020,S10,Ongoing,,2026-06-30,4
DS_042-S11-020,042-S11-020,S11,Ongoing,,2026-06-30,4
DS_042-S12-020,042-S12-020,S12,Ongoing,,2026-06-30,4
DS_042-S01-021,042-S01-021,S01,Ongoing,,2026-06-30,4
