record_id,usubjid,site,egseq,visit,qtcf,interpretation,date,cut_available
EG_042-S01-001_SCREENING,042-S01-001,S01,1,SCREENING,396,Normal Sinus Rhythm,2026-01-10,1
EG_042-S01-001_BASELINE,042-S01-001,S01,2,BASELINE,405,Normal Sinus Rhythm,2026-01-24,1
EG_042-S01-001_WEEK4,042-S01-001,S01,3,WEEK4,408,Normal Sinus Rhythm,2026-02-24,2
EG_042-S01-001_WEEK12,042-S01-001,S01,4,WEEK12,406,Normal Sinus Rhythm,2026-04-24,4
EG_042-S01-002_SCREENING,042-S01-002,S01,5,SCREENING,405,Normal Sinus Rhythm,2026-01-10,1
EG_042-S01-002_BASELINE,042-S01-002,S01,6,BASELINE,438,Normal Sinus Rhythm,2026-01-24,1
EG_042-S01-002_WEEK4,042-S01-002,S01,7,WEEK4,432,Normal Sinus Rhythm,2026-02-24,2
EG_042-S01-002_WEEK12,042-S01-002,S01,8,WEEK12,425,Normal Sinus Rhythm,2026-04-24,4
EG_042-S02-001_SCREENING,042-S02-001,S02,9,SCREENING,429,Normal Sinus Rhythm,2026-01-10,1
EG_042-S02-001_BASELINE,042-S02-001,S02,10,BASELINE,426,Normal Sinus Rhythm,2026-01-24,1
EG_042-S02-001_WEEK4,042-S02-001,S02,11,WEEK4,423,Normal Sinus Rhythm,2026-02-24,2
EG_042-S02-001_WEEK12,042-S02-001,S02,12,WEEK12,401,Normal Sinus Rhythm,2026-04-24,4
EG_042-S03-001_SCREENING,042-S03-001,S03,13,SCREENING,430,Normal Sinus Rhythm,2026-01-10,1
EG_042-S03-001_BASELINE,042-S03-001,S03,14,BASELINE,421,Normal Sinus Rhythm,2026-01-24,1
EG_042-S03-001_WEEK4,042-S03-001,S03,15,WEEK4,423,Normal Sinus Rhythm,2026-02-24,2
EG_042-S03-001_WEEK12,042-S03-001,S03,16,WEEK12,390,Normal Sinus Rhythm,2026-04-24,4
EG_042-S05-001_SCREENING,042-S05-001,S05,17,SCREENING,399,Normal Sinus Rhythm,2026-01-10,1
EG_042-S05-001_BASELINE,042-S05-001,S05,18,BASELINE,391,Normal Sinus Rhythm,2026-01-24,1
EG_042-S05-001_WEEK4,042-S05-001,S05,19,WEEK4,410,Normal Sinus Rhythm,2026-02-24,2
EG_042-S05-001_WEEK12,042-S05-001,S05,20,WEEK12,439,Normal Sinus Rhythm,2026-04-24,4
EG_042-S05-003_SCREENING,042-S05-003,S05,21,SCREENING,434,Normal Sinus Rhythm,2026-01-10,1
EG_042-S05-003_BASELINE,042-S05-003,S05,22,BASELINE,439,Normal Sinus Rhythm,2026-01-24,1
EG_042-S05-003_WEEK4,042-S05-003,S05,23,WEEK4,425,Normal Sinus Rhythm,2026-02-24,2
EG_042-S05-003_WEEK12,042-S05-003,S05,24,WEEK12,416,Normal Sinus Rhythm,2026-04-24,4
EG_042-S07-001_SCREENING,042-S07-001,S07,25,SCREENING,426,Normal Sinus Rhythm,2026-01-10,1
EG_042-S07-001_BASELINE,042-S07-001,S07,26,BASELINE,411,Normal Sinus Rhythm,2026-01-24,1
EG_042-S07-001_WEEK4,042-S07-001,S07,27,WEEK4,390,Normal Sinus Rhythm,2026-02-24,2
EG_042-S07-001_WEEK12,042-S07-001,S07,28,WEEK12,420,Normal Sinus Rhythm,2026-04-24,4
EG_042-S07-002_SCREENING,042-S07-002,S07,29,SCREENING,402,Normal Sinus Rhythm,2026-01-10,1
EG_042-S07-002_BASELINE,042-S07-002,S07,30,BASELINE,401,Normal Sinus Rhythm,2026-01-24,1
EG_042-S07-002_WEEK4,042-S07-002,S07,31,WEEK4,396,Normal Sinus Rhythm,2026-02-24,2
EG_042-S07-002_WEEK12,042-S07-002,S07,32,WEEK12,436,Normal Sinus Rhythm,2026-04-24,4
EG_042-S07-003_SCREENING,042-S07-003,S07,33,SCREENING,409,Normal Sinus Rhythm,2026-01-10,1
EG_042-S07-003_BASELINE,042-S07-003,S07,34,BASELINE,436,Normal Sinus Rhythm,2026-01-24,1
EG_042-S07-003_WEEK4,042-S07-003,S07,35,WEEK4,438,Normal Sinus Rhythm,2026-02-24,2
EG_042-S07-003_WEEK12,042-S07-003,S07,36,WEEK12,417,Normal Sinus Rhythm,2026-04-24,4
EG_042-S10-001_SCREENING,042-S10-001,S10,37,SCREENING,406,Normal Sinus Rhythm,2026-01-10,1
EG_042-S10-001_BASELINE,042-S10-001,S10,38,BASELINE,434,Normal Sinus Rhythm,2026-01-24,1
EG_042-S10-001_WEEK4,042-S10-001,S10,39,WEEK4,407,Normal Sinus Rhythm,2026-02-24,2
EG_042-S10-001_WEEK12,042-S10-001,S10,40,WEEK12,427,Normal Sinus Rhythm,2026-04-24,4
EG_042-S11-001_SCREENING,042-S11-001,S11,41,SCREENING,402,Normal Sinus Rhythm,2026-01-10,1
EG_042-S11-001_BASELINE,042-S11-001,S11,42,BASELINE,430,Normal Sinus Rhythm,2026-01-24,1
EG_042-S11-001_WEEK4,042-S11-001,S11,43,WEEK4,415,Normal Sinus Rhythm,2026-02-24,2
EG_042-S11-001_WEEK12,042-S11-001,S11,44,WEEK12,432,Normal Sinus Rhythm,2026-04-24,4
EG_042-S12-001_SCREENING,042-S12-001,S12,45,SCREENING,428,Normal Sinus Rhythm,2026-01-10,1
EG_042-S12-001_BASELINE,042-S12-001,S12,46,BASELINE,426,Normal Sinus Rhythm,2026-01-24,1
EG_042-S12-001_WEEK4,042-S12-001,S12,47,WEEK4,426,Normal Sinus Rhythm,2026-02-24,2
EG_042-S12-001_WEEK12,042-S12-001,S12,48,WEEK12,412,Normal Sinus Rhythm,2026-04-24,4
EG_042-S01-002_SCREENING,042-S01-002,S01,49,SCREENING,396,Normal Sinus Rhythm,2026-01-10,1
EG_042-S01-002_BASELINE,042-S01-002,S01,50,BASELINE,414,Normal Sinus Rhythm,2026-01-24,1
EG_042-S01-002_WEEK4,042-S01-002,S01,51,WEEK4,420,Normal Sinus Rhythm,2026-02-24,2
EG_042-S01-002_WEEK12,042-S01-002,S01,52,WEEK12,429,Normal Sinus Rhythm,2026-04-24,4
EG_042-S02-002_SCREENING,042-S02-002,S02,53,SCREENING,402,Normal Sinus Rhythm,2026-01-10,1
EG_042-S02-002_BASELINE,042-S02-002,S02,54,BASELINE,405,Normal Sinus Rhythm,2026-01-24,1
EG_042-S02-002_WEEK4,042-S02-002,S02,55,WEEK4,410,Normal Sinus Rhythm,2026-02-24,2
EG_042-S02-002_WEEK12,042-S02-002,S02,56,WEEK12,392,Normal Sinus Rhythm,2026-04-24,4
EG_042-S03-002_SCREENING,042-S03-002,S03,57,SCREENING,411,Normal Sinus Rhythm,2026-01-10,1
EG_042-S03-002_BASELINE,042-S03-002,S03,58,BASELINE,412,Normal Sinus Rhythm,2026-01-24,1
EG_042-S03-002_WEEK4,042-S03-002,S03,59,WEEK4,420,Normal Sinus Rhythm,2026-02-24,2
EG_042-S03-002_WEEK12,042-S03-002,S03,60,WEEK12,438,Normal Sinus Rhythm,2026-04-24,4
EG_042-S04-002_SCREENING,042-S04-002,S04,61,SCREENING,405,Normal Sinus Rhythm,2026-01-10,1
EG_042-S04-002_BASELINE,042-S04-002,S04,62,BASELINE,424,Normal Sinus Rhythm,2026-01-24,1
EG_042-S04-002_WEEK4,042-S04-002,S04,63,WEEK4,411,Normal Sinus Rhythm,2026-02-24,2
EG_042-S04-002_WEEK12,042-S04-002,S04,64,WEEK12,421,Normal Sinus Rhythm,2026-04-24,4
EG_042-S05-002_SCREENING,042-S05-002,S05,65,SCREENING,404,Normal Sinus Rhythm,2026-01-10,1
EG_042-S05-002_BASELINE,042-S05-002,S05,66,BASELINE,417,Normal Sinus Rhythm,2026-01-24,1
EG_042-S05-002_WEEK4,042-S05-002,S05,67,WEEK4,425,Normal Sinus Rhythm,2026-02-24,2
EG_042-S05-002_WEEK12,042-S05-002,S05,68,WEEK12,391,Normal Sinus Rhythm,2026-04-24,4
EG_042-S06-002_SCREENING,042-S06-002,S06,69,SCREENING,434,Normal Sinus Rhythm,2026-01-10,1
EG_042-S06-002_BASELINE,042-S06-002,S06,70,BASELINE,394,Normal Sinus Rhythm,2026-01-24,1
EG_042-S06-002_WEEK4,042-S06-002,S06,71,WEEK4,396,Normal Sinus Rhythm,2026-02-24,2
EG_042-S06-002_WEEK12,042-S06-002,S06,72,WEEK12,426,Normal Sinus Rhythm,2026-04-24,4
EG_042-S07-002_SCREENING,042-S07-002,S07,73,SCREENING,398,Normal Sinus Rhythm,2026-01-10,1
EG_042-S07-002_BASELINE,042-S07-002,S07,74,BASELINE,404,Normal Sinus Rhythm,2026-01-24,1
EG_042-S07-002_WEEK4,042-S07-002,S07,75,WEEK4,416,Normal Sinus Rhythm,2026-02-24,2
EG_042-S07-002_WEEK12,042-S07-002,S07,76,WEEK12,392,Normal Sinus Rhythm,2026-04-24,4
EG_042-S08-002_SCREENING,042-S08-002,S08,77,SCREENING,403,Normal Sinus Rhythm,2026-01-10,1
EG_042-S08-002_BASELINE,042-S08-002,S08,78,BASELINE,419,Normal Sinus Rhythm,2026-01-24,1
EG_042-S08-002_WEEK4,042-S08-002,S08,79,WEEK4,416,Normal Sinus Rhythm,2026-02-24,2
EG_042-S08-002_WEEK12,042-S08-002,S08,80,WEEK12,424,Normal Sinus Rhythm,2026-04-24,4
EG_042-S09-002_SCREENING,042-S09-002,S09,81,SCREENING,437,Normal Sinus Rhythm,2026-01-10,1
EG_042-S09-002_BASELINE,042-S09-002,S09,82,BASELINE,394,Normal Sinus Rhythm,2026-01-24,1
EG_042-S09-002_WEEK4,042-S09-002,S09,83,WEEK4,396,Normal Sinus Rhythm,2026-02-24,2
EG_042-S09-002_WEEK12,042-S09-002,S09,84,WEEK12,433,Normal Sinus Rhythm,2026-04-24,4
EG_042-S10-002_SCREENING,042-S10-002,S10,85,SCREENING,425,Normal Sinus Rhythm,2026-01-10,1
EG_042-S10-002_BASELINE,042-S10-002,S10,86,BASELINE,418,Normal Sinus Rhythm,2026-01-24,1
EG_042-S10-002_WEEK4,042-S10-002,S10,87,WEEK4,435,Normal Sinus Rhythm,2026-02-24,2
EG_042-S10-002_WEEK12,042-S10-002,S10,88,WEEK12,398,Normal Sinus Rhythm,2026-04-24,4
EG_042-S11-002_SCREENING,042-S11-002,S11,89,SCREENING,404,Normal Sinus Rhythm,2026-01-10,1
EG_042-S11-002_BASELINE,042-S11-002,S11,90,BASELINE,437,Normal Sinus Rhythm,2026-01-24,1
EG_042-S11-002_WEEK4,042-S11-002,S11,91,WEEK4,403,Normal Sinus Rhythm,2026-02-24,2
EG_042-S11-002_WEEK12,042-S11-002,S11,92,WEEK12,403,Normal Sinus Rhythm,2026-04-24,4
EG_042-S12-002_SCREENING,042-S12-002,S12,93,SCREENING,413,Normal Sinus Rhythm,2026-01-10,1
EG_042-S12-002_BASELINE,042-S12-002,S12,94,BASELINE,396,Normal Sinus Rhythm,2026-01-24,1
EG_042-S12-002_WEEK4,042-S12-002,S12,95,WEEK4,392,Normal Sinus Rhythm,2026-02-24,2
EG_042-S12-002_WEEK12,042-S12-002,S12,96,WEEK12,406,Normal Sinus Rhythm,2026-04-24,4
EG_042-S01-003_SCREENING,042-S01-003,S01,97,SCREENING,390,Normal Sinus Rhythm,2026-01-10,1
EG_042-S01-003_BASELINE,042-S01-003,S01,98,BASELINE,427,Normal Sinus Rhythm,2026-01-24,1
EG_042-S01-003_WEEK4,042-S01-003,S01,99,WEEK4,416,Normal Sinus Rhythm,2026-02-24,2
EG_042-S01-003_WEEK12,042-S01-003,S01,100,WEEK12,397,Normal Sinus Rhythm,2026-04-24,4
EG_042-S02-003_SCREENING,042-S02-003,S02,101,SCREENING,407,Normal Sinus Rhythm,2026-01-10,1
EG_042-S02-003_BASELINE,042-S02-003,S02,102,BASELINE,431,Normal Sinus Rhythm,2026-01-24,1
EG_042-S02-003_WEEK4,042-S02-003,S02,103,WEEK4,427,Normal Sinus Rhythm,2026-02-24,2
EG_042-S02-003_WEEK12,042-S02-003,S02,104,WEEK12,418,Normal Sinus Rhythm,2026-04-24,4
EG_042-S03-003_SCREENING,042-S03-003,S03,105,SCREENING,403,Normal Sinus Rhythm,2026-01-10,1
EG_042-S03-003_BASELINE,042-S03-003,S03,106,BASELINE,395,Normal Sinus Rhythm,2026-01-24,1
EG_042-S03-003_WEEK4,042-S03-003,S03,107,WEEK4,411,Normal Sinus Rhythm,2026-02-24,2
EG_042-S03-003_WEEK12,042-S03-003,S03,108,WEEK12,405,Normal Sinus Rhythm,2026-04-24,4
EG_042-S04-003_SCREENING,042-S04-003,S04,109,SCREENING,429,Normal Sinus Rhythm,2026-01-10,1
EG_042-S04-003_BASELINE,042-S04-003,S04,110,BASELINE,397,Normal Sinus Rhythm,2026-01-24,1
EG_042-S04-003_WEEK4,042-S04-003,S04,111,WEEK4,395,Normal Sinus Rhythm,2026-02-24,2
EG_042-S04-003_WEEK12,042-S04-003,S04,112,WEEK12,406,Normal Sinus Rhythm,2026-04-24,4
EG_042-S05-003_SCREENING,042-S05-003,S05,113,SCREENING,440,Normal Sinus Rhythm,2026-01-10,1
EG_042-S05-003_BASELINE,042-S05-003,S05,114,BASELINE,428,Normal Sinus Rhythm,2026-01-24,1
EG_042-S05-003_WEEK4,042-S05-003,S05,115,WEEK4,424,Normal Sinus Rhythm,2026-02-24,2
EG_042-S05-003_WEEK12,042-S05-003,S05,116,WEEK12,437,Normal Sinus Rhythm,2026-04-24,4
EG_042-S06-003_SCREENING,042-S06-003,S06,117,SCREENING,430,Normal Sinus Rhythm,2026-01-10,1
EG_042-S06-003_BASELINE,042-S06-003,S06,118,BASELINE,438,Normal Sinus Rhythm,2026-01-24,1
EG_042-S06-003_WEEK4,042-S06-003,S06,119,WEEK4,405,Normal Sinus Rhythm,2026-02-24,2
EG_042-S06-003_WEEK12,042-S06-003,S06,120,WEEK12,392,Normal Sinus Rhythm,2026-04-24,4
EG_042-S07-003_SCREENING,042-S07-003,S07,121,SCREENING,420,Normal Sinus Rhythm,2026-01-10,1
EG_042-S07-003_BASELINE,042-S07-003,S07,122,BASELINE,434,Normal Sinus Rhythm,2026-01-24,1
EG_042-S07-003_WEEK4,042-S07-003,S07,123,WEEK4,407,Normal Sinus Rhythm,2026-02-24,2
EG_042-S07-003_WEEK12,042-S07-003,S07,124,WEEK12,424,Normal Sinus Rhythm,2026-04-24,4
EG_042-S08-003_SCREENING,042-S08-003,S08,125,SCREENING,400,Normal Sinus Rhythm,2026-01-10,1
EG_042-S08-003_BASELINE,042-S08-003,S08,126,BASELINE,432,Normal Sinus Rhythm,2026-01-24,1
EG_042-S08-003_WEEK4,042-S08-003,S08,127,WEEK4,438,Normal Sinus Rhythm,2026-02-24,2
EG_042-S08-003_WEEK12,042-S08-003,S08,128,WEEK12,434,Normal Sinus Rhythm,2026-04-24,4
EG_042-S09-003_SCREENING,042-S09-003,S09,129,SCREENING,436,Normal Sinus Rhythm,2026-01-10,1
EG_042-S09-003_BASELINE,042-S09-003,S09,130,BASELINE,390,Normal Sinus Rhythm,2026-01-24,1
EG_042-S09-003_WEEK4,042-S09-003,S09,131,WEEK4,421,Normal Sinus Rhythm,2026-02-24,2
EG_042-S09-003_WEEK12,042-S09-003,S09,132,WEEK12,403,Normal Sinus Rhythm,2026-04-24,4
EG_042-S10-003_SCREENING,042-S10-003,S10,133,SCREENING,440,Normal Sinus Rhythm,2026-01-10,1
EG_042-S10-003_BASELINE,042-S10-003,S10,134,BASELINE,416,Normal Sinus Rhythm,2026-01-24,1
EG_042-S10-003_WEEK4,042-S10-003,S10,135,WEEK4,411,Normal Sinus Rhythm,2026-02-24,2
EG_042-S10-003_WEEK12,042-S10-003,S10,136,WEEK12,396,Normal Sinus Rhythm,2026-04-24,4
EG_042-S11-003_SCREENING,042-S11-003,S11,137,SCREENING,395,Normal Sinus Rhythm,2026-01-10,1
EG_042-S11-003_BASELINE,042-S11-003,S11,138,BASELINE,422,Normal Sinus Rhythm,2026-01-24,1
EG_042-S11-003_WEEK4,042-S11-003,S11,139,WEEK4,427,Normal Sinus Rhythm,2026-02-24,2
EG_042-S11-003_WEEK12,042-S11-003,S11,140,WEEK12,404,Normal Sinus Rhythm,2026-04-24,4
EG_042-S12-003_SCREENING,042-S12-003,S12,141,SCREENING,426,Normal Sinus Rhythm,2026-01-10,1
EG_042-S12-003_BASELINE,042-S12-003,S12,142,BASELINE,407,Normal Sinus Rhythm,2026-01-24,1
EG_042-S12-003_WEEK4,042-S12-003,S12,143,WEEK4,390,Normal Sinus Rhythm,2026-02-24,2
EG_042-S12-003_WEEK12,042-S12-003,S12,144,WEEK12,417,Normal Sinus Rhythm,2026-04-24,4
EG_042-S01-004_SCREENING,042-S01-004,S01,145,SCREENING,434,Normal Sinus Rhythm,2026-01-10,1
EG_042-S01-004_BASELINE,042-S01-004,S01,146,BASELINE,412,Normal Sinus Rhythm,2026-01-24,1
EG_042-S01-004_WEEK4,042-S01-004,S01,147,WEEK4,412,Normal Sinus Rhythm,2026-02-24,2
EG_042-S01-004_WEEK12,042-S01-004,S01,148,WEEK12,438,Normal Sinus Rhythm,2026-04-24,4
EG_042-S02-004_SCREENING,042-S02-004,S02,149,SCREENING,418,Normal Sinus Rhythm,2026-01-10,1
EG_042-S02-004_BASELINE,042-S02-004,S02,150,BASELINE,425,Normal Sinus Rhythm,2026-01-24,1
EG_042-S02-004_WEEK4,042-S02-004,S02,151,WEEK4,434,Normal Sinus Rhythm,2026-02-24,2
EG_042-S02-004_WEEK12,042-S02-004,S02,152,WEEK12,400,Normal Sinus Rhythm,2026-04-24,4
EG_042-S03-004_SCREENING,042-S03-004,S03,153,SCREENING,391,Normal Sinus Rhythm,2026-01-10,1
EG_042-S03-004_BASELINE,042-S03-004,S03,154,BASELINE,437,Normal Sinus Rhythm,2026-01-24,1
EG_042-S03-004_WEEK4,042-S03-004,S03,155,WEEK4,396,Normal Sinus Rhythm,2026-02-24,2
EG_042-S03-004_WEEK12,042-S03-004,S03,156,WEEK12,430,Normal Sinus Rhythm,2026-04-24,4
EG_042-S04-004_SCREENING,042-S04-004,S04,157,SCREENING,426,Normal Sinus Rhythm,2026-01-10,1
EG_042-S04-004_BASELINE,042-S04-004,S04,158,BASELINE,391,Normal Sinus Rhythm,2026-01-24,1
EG_042-S04-004_WEEK4,042-S04-004,S04,159,WEEK4,432,Normal Sinus Rhythm,2026-02-24,2
EG_042-S04-004_WEEK12,042-S04-004,S04,160,WEEK12,407,Normal Sinus Rhythm,2026-04-24,4
EG_042-S05-004_SCREENING,042-S05-004,S05,161,SCREENING,402,Normal Sinus Rhythm,2026-01-10,1
EG_042-S05-004_BASELINE,042-S05-004,S05,162,BASELINE,401,Normal Sinus Rhythm,2026-01-24,1
EG_042-S05-004_WEEK4,042-S05-004,S05,163,WEEK4,400,Normal Sinus Rhythm,2026-02-24,2
EG_042-S05-004_WEEK12,042-S05-004,S05,164,WEEK12,404,Normal Sinus Rhythm,2026-04-24,4
EG_042-S06-004_SCREENING,042-S06-004,S06,165,SCREENING,437,Normal Sinus Rhythm,2026-01-10,1
EG_042-S06-004_BASELINE,042-S06-004,S06,166,BASELINE,392,Normal Sinus Rhythm,2026-01-24,1
EG_042-S06-004_WEEK4,042-S06-004,S06,167,WEEK4,436,Normal Sinus Rhythm,2026-02-24,2
EG_042-S06-004_WEEK12,042-S06-004,S06,168,WEEK12,401,Normal Sinus Rhythm,2026-04-24,4
EG_042-S07-004_SCREENING,042-S07-004,S07,169,SCREENING,402,Normal Sinus Rhythm,2026-01-10,1
EG_042-S07-004_BASELINE,042-S07-004,S07,170,BASELINE,403,Normal Sinus Rhythm,2026-01-24,1
EG_042-S07-004_WEEK4,042-S07-004,S07,171,WEEK4,402,Normal Sinus Rhythm,2026-02-24,2
EG_042-S07-004_WEEK12,042-S07-004,S07,172,WEEK12,398,Normal Sinus Rhythm,2026-04-24,4
EG_042-S08-004_SCREENING,042-S08-004,S08,173,SCREENING,408,Normal Sinus Rhythm,2026-01-10,1
EG_042-S08-004_BASELINE,042-S08-004,S08,174,BASELINE,419,Normal Sinus Rhythm,2026-01-24,1
EG_042-S08-004_WEEK4,042-S08-004,S08,175,WEEK4,393,Normal Sinus Rhythm,2026-02-24,2
EG_042-S08-004_WEEK12,042-S08-004,S08,176,WEEK12,432,Normal Sinus Rhythm,2026-04-24,4
EG_042-S09-004_SCREENING,042-S09-004,S09,177,SCREENING,418,Normal Sinus Rhythm,2026-01-10,1
EG_042-S09-004_BASELINE,042-S09-004,S09,178,BASELINE,404,Normal Sinus Rhythm,2026-01-24,1
EG_042-S09-004_WEEK4,042-S09-004,S09,179,WEEK4,429,Normal Sinus Rhythm,2026-02-24,2
EG_042-S09-004_WEEK12,042-S09-004,S09,180,WEEK12,398,Normal Sinus Rhythm,2026-04-24,4
EG_042-S10-004_SCREENING,042-S10-004,S10,181,SCREENING,392,Normal Sinus Rhythm,2026-01-10,1
EG_042-S10-004_BASELINE,042-S10-004,S10,182,BASELINE,397,Normal Sinus Rhythm,2026-01-24,1
EG_042-S10-004_WEEK4,042-S10-004,S10,183,WEEK4,436,Normal Sinus Rhythm,2026-02-24,2
EG_042-S10-004_WEEK12,042-S10-004,S10,184,WEEK12,436,Normal Sinus Rhythm,2026-04-24,4
EG_042-S11-004_SCREENING,042-S11-004,S11,185,SCREENING,403,Normal Sinus Rhythm,2026-01-10,1
EG_042-S11-004_BASELINE,042-S11-004,S11,186,BASELINE,413,Normal Sinus Rhythm,2026-01-24,1
EG_042-S11-004_WEEK4,042-S11-004,S11,187,WEEK4,430,Normal Sinus Rhythm,2026-02-24,2
EG_042-S11-004_WEEK12,042-S11-004,S11,188,WEEK12,438,Normal Sinus Rhythm,2026-04-24,4
EG_042-S12-004_SCREENING,042-S12-004,S12,189,SCREENING,438,Normal Sinus Rhythm,2026-01-10,1
EG_042-S12-004_BASELINE,042-S12-004,S12,190,BASELINE,409,Normal Sinus Rhythm,2026-01-24,1
EG_042-S12-004_WEEK4,042-S12-004,S12,191,WEEK4,433,Normal Sinus Rhythm,2026-02-24,2
EG_042-S12-004_WEEK12,042-S12-004,S12,192,WEEK12,417,Normal Sinus Rhythm,2026-04-24,4
EG_042-S01-005_SCREENING,042-S01-005,S01,193,SCREENING,399,Normal Sinus Rhythm,2026-01-10,1
EG_042-S01-005_BASELINE,042-S01-005,S01,194,BASELINE,434,Normal Sinus Rhythm,2026-01-24,1
EG_042-S01-005_WEEK4,042-S01-005,S01,195,WEEK4,394,Normal Sinus Rhythm,2026-02-24,2
EG_042-S01-005_WEEK12,042-S01-005,S01,196,WEEK12,400,Normal Sinus Rhythm,2026-04-24,4
EG_042-S02-005_SCREENING,042-S02-005,S02,197,SCREENING,420,Normal Sinus Rhythm,2026-01-10,1
EG_042-S02-005_BASELINE,042-S02-005,S02,198,BASELINE,414,Normal Sinus Rhythm,2026-01-24,1
EG_042-S02-005_WEEK4,042-S02-005,S02,199,WEEK4,390,Normal Sinus Rhythm,2026-02-24,2
EG_042-S02-005_WEEK12,042-S02-005,S02,200,WEEK12,400,Normal Sinus Rhythm,2026-04-24,4
EG_042-S03-005_SCREENING,042-S03-005,S03,201,SCREENING,413,Normal Sinus Rhythm,2026-01-10,1
EG_042-S03-005_BASELINE,042-S03-005,S03,202,BASELINE,392,Normal Sinus Rhythm,2026-01-24,1
EG_042-S03-005_WEEK4,042-S03-005,S03,203,WEEK4,424,Normal Sinus Rhythm,2026-02-24,2
EG_042-S03-005_WEEK12,042-S03-005,S03,204,WEEK12,401,Normal Sinus Rhythm,2026-04-24,4
EG_042-S04-005_SCREENING,042-S04-005,S04,205,SCREENING,433,Normal Sinus Rhythm,2026-01-10,1
EG_042-S04-005_BASELINE,042-S04-005,S04,206,BASELINE,416,Normal Sinus Rhythm,2026-01-24,1
EG_042-S04-005_WEEK4,042-S04-005,S04,207,WEEK4,396,Normal Sinus Rhythm,2026-02-24,2
EG_042-S04-005_WEEK12,042-S04-005,S04,208,WEEK12,395,Normal Sinus Rhythm,2026-04-24,4
EG_042-S05-005_SCREENING,042-S05-005,S05,209,SCREENING,438,Normal Sinus Rhythm,2026-01-10,1
EG_042-S05-005_BASELINE,042-S05-005,S05,210,BASELINE,400,Normal Sinus Rhythm,2026-01-24,1
EG_042-S05-005_WEEK4,042-S05-005,S05,211,WEEK4,403,Normal Sinus Rhythm,2026-02-24,2
EG_042-S05-005_WEEK12,042-S05-005,S05,212,WEEK12,394,Normal Sinus Rhythm,2026-04-24,4
EG_042-S06-005_SCREENING,042-S06-005,S06,213,SCREENING,399,Normal Sinus Rhythm,2026-01-10,1
EG_042-S06-005_BASELINE,042-S06-005,S06,214,BASELINE,416,Normal Sinus Rhythm,2026-01-24,1
EG_042-S06-005_WEEK4,042-S06-005,S06,215,WEEK4,396,Normal Sinus Rhythm,2026-02-24,2
EG_042-S06-005_WEEK12,042-S06-005,S06,216,WEEK12,417,Normal Sinus Rhythm,2026-04-24,4
EG_042-S07-005_SCREENING,042-S07-005,S07,217,SCREENING,404,Normal Sinus Rhythm,2026-01-10,1
EG_042-S07-005_BASELINE,042-S07-005,S07,218,BASELINE,434,Normal Sinus Rhythm,2026-01-24,1
EG_042-S07-005_WEEK4,042-S07-005,S07,219,WEEK4,400,Normal Sinus Rhythm,2026-02-24,2
EG_042-S07-005_WEEK12,042-S07-005,S07,220,WEEK12,407,Normal Sinus Rhythm,2026-04-24,4
EG_042-S08-005_SCREENING,042-S08-005,S08,221,SCREENING,435,Normal Sinus Rhythm,2026-01-10,1
EG_042-S08-005_BASELINE,042-S08-005,S08,222,BASELINE,423,Normal Sinus Rhythm,2026-01-24,1
EG_042-S08-005_WEEK4,042-S08-005,S08,223,WEEK4,435,Normal Sinus Rhythm,2026-02-24,2
EG_042-S08-005_WEEK12,042-S08-005,S08,224,WEEK12,425,Normal Sinus Rhythm,2026-04-24,4
EG_042-S09-005_SCREENING,042-S09-005,S09,225,SCREENING,433,Normal Sinus Rhythm,2026-01-10,1
EG_042-S09-005_BASELINE,042-S09-005,S09,226,BASELINE,423,Normal Sinus Rhythm,2026-01-24,1
EG_042-S09-005_WEEK4,042-S09-005,S09,227,WEEK4,427,Normal Sinus Rhythm,2026-02-24,2
EG_042-S09-005_WEEK12,042-S09-005,S09,228,WEEK12,427,Normal Sinus Rhythm,2026-04-24,4
EG_042-S10-005_SCREENING,042-S10-005,S10,229,SCREENING,411,Normal Sinus Rhythm,2026-01-10,1
EG_042-S10-005_BASELINE,042-S10-005,S10,230,BASELINE,418,Normal Sinus Rhythm,2026-01-24,1
EG_042-S10-005_WEEK4,042-S10-005,S10,231,WEEK4,400,Normal Sinus Rhythm,2026-02-24,2
EG_042-S10-005_WEEK12,042-S10-005,S10,232,WEEK12,428,Normal Sinus Rhythm,2026-04-24,4
EG_042-S11-005_SCREENING,042-S11-005,S11,233,SCREENING,424,Normal Sinus Rhythm,2026-01-10,1
EG_042-S11-005_BASELINE,042-S11-005,S11,234,BASELINE,432,Normal Sinus Rhythm,2026-01-24,1
EG_042-S11-005_WEEK4,042-S11-005,S11,235,WEEK4,426,Normal Sinus Rhythm,2026-02-24,2
EG_042-S11-005_WEEK12,042-S11-005,S11,236,WEEK12,403,Normal Sinus Rhythm,2026-04-24,4
EG_042-S12-005_SCREENING,042-S12-005,S12,237,SCREENING,418,Normal Sinus Rhythm,2026-01-10,1
EG_042-S12-005_BASELINE,042-S12-005,S12,238,BASELINE,417,Normal Sinus Rhythm,2026-01-24,1
EG_042-S12-005_WEEK4,042-S12-005,S12,239,WEEK4,401,Normal Sinus Rhythm,2026-02-24,2
EG_042-S12-005_WEEK12,042-S12-005,S12,240,WEEK12,429,Normal Sinus Rhythm,2026-04-24,4
EG_042-S01-006_SCREENING,042-S01-006,S01,241,SCREENING,440,Normal Sinus Rhythm,2026-01-10,1
EG_042-S01-006_BASELINE,042-S01-006,S01,242,BASELINE,418,Normal Sinus Rhythm,2026-01-24,1
EG_042-S01-006_WEEK4,042-S01-006,S01,243,WEEK4,407,Normal Sinus Rhythm,2026-02-24,2
EG_042-S01-006_WEEK12,042-S01-006,S01,244,WEEK12,410,Normal Sinus Rhythm,2026-04-24,4
EG_042-S02-006_SCREENING,042-S02-006,S02,245,SCREENING,406,Normal Sinus Rhythm,2026-01-10,1
EG_042-S02-006_BASELINE,042-S02-006,S02,246,BASELINE,428,Normal Sinus Rhythm,2026-01-24,1
EG_042-S02-006_WEEK4,042-S02-006,S02,247,WEEK4,403,Normal Sinus Rhythm,2026-02-24,2
EG_042-S02-006_WEEK12,042-S02-006,S02,248,WEEK12,436,Normal Sinus Rhythm,2026-04-24,4
EG_042-S03-006_SCREENING,042-S03-006,S03,249,SCREENING,439,Normal Sinus Rhythm,2026-01-10,1
EG_042-S03-006_BASELINE,042-S03-006,S03,250,BASELINE,391,Normal Sinus Rhythm,2026-01-24,1
EG_042-S03-006_WEEK4,042-S03-006,S03,251,WEEK4,402,Normal Sinus Rhythm,2026-02-24,2
EG_042-S03-006_WEEK12,042-S03-006,S03,252,WEEK12,415,Normal Sinus Rhythm,2026-04-24,4
EG_042-S04-006_SCREENING,042-S04-006,S04,253,SCREENING,408,Normal Sinus Rhythm,2026-01-10,1
EG_042-S04-006_BASELINE,042-S04-006,S04,254,BASELINE,414,Normal Sinus Rhythm,2026-01-24,1
EG_042-S04-006_WEEK4,042-S04-006,S04,255,WEEK4,439,Normal Sinus Rhythm,2026-02-24,2
EG_042-S04-006_WEEK12,042-S04-006,S04,256,WEEK12,424,Normal Sinus Rhythm,2026-04-24,4
EG_042-S05-006_SCREENING,042-S05-006,S05,257,SCREENING,419,Normal Sinus Rhythm,2026-01-10,1
EG_042-S05-006_BASELINE,042-S05-006,S05,258,BASELINE,395,Normal Sinus Rhythm,2026-01-24,1
EG_042-S05-006_WEEK4,042-S05-006,S05,259,WEEK4,427,Normal Sinus Rhythm,2026-02-24,2
EG_042-S05-006_WEEK12,042-S05-006,S05,260,WEEK12,397,Normal Sinus Rhythm,2026-04-24,4
EG_042-S06-006_SCREENING,042-S06-006,S06,261,SCREENING,440,Normal Sinus Rhythm,2026-01-10,1
EG_042-S06-006_BASELINE,042-S06-006,S06,262,BASELINE,434,Normal Sinus Rhythm,2026-01-24,1
EG_042-S06-006_WEEK4,042-S06-006,S06,263,WEEK4,398,Normal Sinus Rhythm,2026-02-24,2
EG_042-S06-006_WEEK12,042-S06-006,S06,264,WEEK12,393,Normal Sinus Rhythm,2026-04-24,4
EG_042-S07-006_SCREENING,042-S07-006,S07,265,SCREENING,404,Normal Sinus Rhythm,2026-01-10,1
EG_042-S07-006_BASELINE,042-S07-006,S07,266,BASELINE,437,Normal Sinus Rhythm,2026-01-24,1
EG_042-S07-006_WEEK4,042-S07-006,S07,267,WEEK4,434,Normal Sinus Rhythm,2026-02-24,2
EG_042-S07-006_WEEK12,042-S07-006,S07,268,WEEK12,424,Normal Sinus Rhythm,2026-04-24,4
EG_042-S08-006_SCREENING,042-S08-006,S08,269,SCREENING,397,Normal Sinus Rhythm,2026-01-10,1
EG_042-S08-006_BASELINE,042-S08-006,S08,270,BASELINE,425,Normal Sinus Rhythm,2026-01-24,1
EG_042-S08-006_WEEK4,042-S08-006,S08,271,WEEK4,420,Normal Sinus Rhythm,2026-02-24,2
EG_042-S08-006_WEEK12,042-S08-006,S08,272,WEEK12,415,Normal Sinus Rhythm,2026-04-24,4
EG_042-S09-006_SCREENING,042-S09-006,S09,273,SCREENING,431,Normal Sinus Rhythm,2026-01-10,1
EG_042-S09-006_BASELINE,042-S09-006,S09,274,BASELINE,427,Normal Sinus Rhythm,2026-01-24,1
EG_042-S09-006_WEEK4,042-S09-006,S09,275,WEEK4,435,Normal Sinus Rhythm,2026-02-24,2
EG_042-S09-006_WEEK12,042-S09-006,S09,276,WEEK12,437,Normal Sinus Rhythm,2026-04-24,4
EG_042-S10-006_SCREENING,042-S10-006,S10,277,SCREENING,398,Normal Sinus Rhythm,2026-01-10,1
EG_042-S10-006_BASELINE,042-S10-006,S10,278,BASELINE,393,Normal Sinus Rhythm,2026-01-24,1
EG_042-S10-006_WEEK4,042-S10-006,S10,279,WEEK4,423,Normal Sinus Rhythm,2026-02-24,2
EG_042-S10-006_WEEK12,042-S10-006,S10,280,WEEK12,401,Normal Sinus Rhythm,2026-04-24,4
EG_042-S11-006_SCREENING,042-S11-006,S11,281,SCREENING,424,Normal Sinus Rhythm,2026-01-10,1
EG_042-S11-006_BASELINE,042-S11-006,S11,282,BASELINE,404,Normal Sinus Rhythm,2026-01-24,1
EG_042-S11-006_WEEK4,042-S11-006,S11,283,WEEK4,398,Normal Sinus Rhythm,2026-02-24,2
EG_042-S11-006_WEEK12,042-S11-006,S11,284,WEEK12,405,Normal Sinus Rhythm,2026-04-24,4
EG_042-S12-006_SCREENING,042-S12-006,S12,285,SCREENING,393,Normal Sinus Rhythm,2026-01-10,1
EG_042-S12-006_BASELINE,042-S12-006,S12,286,BASELINE,422,Normal Sinus Rhythm,2026-01-24,1
EG_042-S12-006_WEEK4,042-S12-006,S12,287,WEEK4,428,Normal Sinus Rhythm,2026-02-24,2
EG_042-S12-006_WEEK12,042-S12-006,S12,288,WEEK12,424,Normal Sinus Rhythm,2026-04-24,4
EG_042-S01-007_SCREENING,042-S01-007,S01,289,SCREENING,394,Normal Sinus Rhythm,2026-01-10,1
EG_042-S01-007_BASELINE,042-S01-007,S01,290,BASELINE,405,Normal Sinus Rhythm,2026-01-24,1
EG_042-S01-007_WEEK4,042-S01-007,S01,291,WEEK4,424,Normal Sinus Rhythm,2026-02-24,2
EG_042-S01-007_WEEK12,042-S01-007,S01,292,WEEK12,425,Normal Sinus Rhythm,2026-04-24,4
EG_042-S02-007_SCREENING,042-S02-007,S02,293,SCREENING,395,Normal Sinus Rhythm,2026-01-10,1
EG_042-S02-007_BASELINE,042-S02-007,S02,294,BASELINE,411,Normal Sinus Rhythm,2026-01-24,1
EG_042-S02-007_WEEK4,042-S02-007,S02,295,WEEK4,423,Normal Sinus Rhythm,2026-02-24,2
EG_042-S02-007_WEEK12,042-S02-007,S02,296,WEEK12,424,Normal Sinus Rhythm,2026-04-24,4
EG_042-S03-007_SCREENING,042-S03-007,S03,297,SCREENING,395,Normal Sinus Rhythm,2026-01-10,1
EG_042-S03-007_BASELINE,042-S03-007,S03,298,BASELINE,406,Normal Sinus Rhythm,2026-01-24,1
EG_042-S03-007_WEEK4,042-S03-007,S03,299,WEEK4,406,Normal Sinus Rhythm,2026-02-24,2
EG_042-S03-007_WEEK12,042-S03-007,S03,300,WEEK12,411,Normal Sinus Rhythm,2026-04-24,4
EG_042-S04-007_SCREENING,042-S04-007,S04,301,SCREENING,425,Normal Sinus Rhythm,2026-01-10,1
EG_042-S04-007_BASELINE,042-S04-007,S04,302,BASELINE,398,Normal Sinus Rhythm,2026-01-24,1
EG_042-S04-007_WEEK4,042-S04-007,S04,303,WEEK4,401,Normal Sinus Rhythm,2026-02-24,2
EG_042-S04-007_WEEK12,042-S04-007,S04,304,WEEK12,392,Normal Sinus Rhythm,2026-04-24,4
EG_042-S05-007_SCREENING,042-S05-007,S05,305,SCREENING,417,Normal Sinus Rhythm,2026-01-10,1
EG_042-S05-007_BASELINE,042-S05-007,S05,306,BASELINE,421,Normal Sinus Rhythm,2026-01-24,1
EG_042-S05-007_WEEK4,042-S05-007,S05,307,WEEK4,403,Normal Sinus Rhythm,2026-02-24,2
EG_042-S05-007_WEEK12,042-S05-007,S05,308,WEEK12,398,Normal Sinus Rhythm,2026-04-24,4
EG_042-S06-007_SCREENING,042-S06-007,S06,309,SCREENING,440,Normal Sinus Rhythm,2026-01-10,1
EG_042-S06-007_BASELINE,042-S06-007,S06,310,BASELINE,404,Normal Sinus Rhythm,2026-01-24,1
EG_042-S06-007_WEEK4,042-S06-007,S06,311,WEEK4,434,Normal Sinus Rhythm,2026-02-24,2
EG_042-S06-007_WEEK12,042-S06-007,S06,312,WEEK12,430,Normal Sinus Rhythm,2026-04-24,4
EG_042-S07-007_SCREENING,042-S07-007,S07,313,SCREENING,395,Normal Sinus Rhythm,2026-01-10,1
EG_042-S07-007_BASELINE,042-S07-007,S07,314,BASELINE,423,Normal Sinus Rhythm,2026-01-24,1
EG_042-S07-007_WEEK4,042-S07-007,S07,315,WEEK4,399,Normal Sinus Rhythm,2026-02-24,2
EG_042-S07-007_WEEK12,042-S07-007,S07,316,WEEK12,429,Normal Sinus Rhythm,2026-04-24,4
EG_042-S08-007_SCREENING,042-S08-007,S08,317,SCREENING,418,Normal Sinus Rhythm,2026-01-10,1
EG_042-S08-007_BASELINE,042-S08-007,S08,318,BASELINE,394,Normal Sinus Rhythm,2026-01-24,1
EG_042-S08-007_WEEK4,042-S08-007,S08,319,WEEK4,417,Normal Sinus Rhythm,2026-02-24,2
EG_042-S08-007_WEEK12,042-S08-007,S08,320,WEEK12,436,Normal Sinus Rhythm,2026-04-24,4
EG_042-S09-007_SCREENING,042-S09-007,S09,321,SCREENING,430,Normal Sinus Rhythm,2026-01-10,1
EG_042-S09-007_BASELINE,042-S09-007,S09,322,BASELINE,424,Normal Sinus Rhythm,2026-01-24,1
EG_042-S09-007_WEEK4,042-S09-007,S09,323,WEEK4,395,Normal Sinus Rhythm,2026-02-24,2
EG_042-S09-007_WEEK12,042-S09-007,S09,324,WEEK12,437,Normal Sinus Rhythm,2026-04-24,4
EG_042-S10-007_SCREENING,042-S10-007,S10,325,SCREENING,438,Normal Sinus Rhythm,2026-01-10,1
EG_042-S10-007_BASELINE,042-S10-007,S10,326,BASELINE,410,Normal Sinus Rhythm,2026-01-24,1
EG_042-S10-007_WEEK4,042-S10-007,S10,327,WEEK4,419,Normal Sinus Rhythm,2026-02-24,2
EG_042-S10-007_WEEK12,042-S10-007,S10,328,WEEK12,400,Normal Sinus Rhythm,2026-04-24,4
EG_042-S11-007_SCREENING,042-S11-007,S11,329,SCREENING,433,Normal Sinus Rhythm,2026-01-10,1
EG_042-S11-007_BASELINE,042-S11-007,S11,330,BASELINE,407,Normal Sinus Rhythm,2026-01-24,1
EG_042-S11-007_WEEK4,042-S11-007,S11,331,WEEK4,411,Normal Sinus Rhythm,2026-02-24,2
EG_042-S11-007_WEEK12,042-S11-007,S11,332,WEEK12,391,Normal Sinus Rhythm,2026-04-24,4
EG_042-S12-007_SCREENING,042-S12-007,S12,333,SCREENING,392,Normal Sinus Rhythm,2026-01-10,1
EG_042-S12-007_BASELINE,042-S12-007,S12,334,BASELINE,438,Normal Sinus Rhythm,2026-01-24,1
EG_042-S12-007_WEEK4,042-S12-007,S12,335,WEEK4,390,Normal Sinus Rhythm,2026-02-24,2
EG_042-S12-007_WEEK12,042-S12-007,S12,336,WEEK12,439,Normal Sinus Rhythm,2026-04-24,4
EG_042-S01-008_SCREENING,042-S01-008,S01,337,SCREENING,391,Normal Sinus Rhythm,2026-01-10,1
EG_042-S01-008_BASELINE,042-S01-008,S01,338,BASELINE,439,Normal Sinus Rhythm,2026-01-24,1
EG_042-S01-008_WEEK4,042-S01-008,S01,339,WEEK4,432,Normal Sinus Rhythm,2026-02-24,2
EG_042-S01-008_WEEK12,042-S01-008,S01,340,WEEK12,434,Normal Sinus Rhythm,2026-04-24,4
EG_042-S02-008_SCREENING,042-S02-008,S02,341,SCREENING,391,Normal Sinus Rhythm,2026-01-10,1
EG_042-S02-008_BASELINE,042-S02-008,S02,342,BASELINE,436,Normal Sinus Rhythm,2026-01-24,1
EG_042-S02-008_WEEK4,042-S02-008,S02,343,WEEK4,391,Normal Sinus Rhythm,2026-02-24,2
EG_042-S02-008_WEEK12,042-S02-008,S02,344,WEEK12,395,Normal Sinus Rhythm,2026-04-24,4
EG_042-S03-008_SCREENING,042-S03-008,S03,345,SCREENING,410,Normal Sinus Rhythm,2026-01-10,1
EG_042-S03-008_BASELINE,042-S03-008,S03,346,BASELINE,400,Normal Sinus Rhythm,2026-01-24,1
EG_042-S03-008_WEEK4,042-S03-008,S03,347,WEEK4,438,Normal Sinus Rhythm,2026-02-24,2
EG_042-S03-008_WEEK12,042-S03-008,S03,348,WEEK12,437,Normal Sinus Rhythm,2026-04-24,4
EG_042-S04-008_SCREENING,042-S04-008,S04,349,SCREENING,430,Normal Sinus Rhythm,2026-01-10,1
EG_042-S04-008_BASELINE,042-S04-008,S04,350,BASELINE,427,Normal Sinus Rhythm,2026-01-24,1
EG_042-S04-008_WEEK4,042-S04-008,S04,351,WEEK4,395,Normal Sinus Rhythm,2026-02-24,2
EG_042-S04-008_WEEK12,042-S04-008,S04,352,WEEK12,395,Normal Sinus Rhythm,2026-04-24,4
EG_042-S05-008_SCREENING,042-S05-008,S05,353,SCREENING,434,Normal Sinus Rhythm,2026-01-10,1
EG_042-S05-008_BASELINE,042-S05-008,S05,354,BASELINE,402,Normal Sinus Rhythm,2026-01-24,1
EG_042-S05-008_WEEK4,042-S05-008,S05,355,WEEK4,420,Normal Sinus Rhythm,2026-02-24,2
EG_042-S05-008_WEEK12,042-S05-008,S05,356,WEEK12,396,Normal Sinus Rhythm,2026-04-24,4
EG_042-S06-008_SCREENING,042-S06-008,S06,357,SCREENING,418,Normal Sinus Rhythm,2026-01-10,1
EG_042-S06-008_BASELINE,042-S06-008,S06,358,BASELINE,440,Normal Sinus Rhythm,2026-01-24,1
EG_042-S06-008_WEEK4,042-S06-008,S06,359,WEEK4,424,Normal Sinus Rhythm,2026-02-24,2
EG_042-S06-008_WEEK12,042-S06-008,S06,360,WEEK12,431,Normal Sinus Rhythm,2026-04-24,4
EG_042-S07-008_SCREENING,042-S07-008,S07,361,SCREENING,413,Normal Sinus Rhythm,2026-01-10,1
EG_042-S07-008_BASELINE,042-S07-008,S07,362,BASELINE,393,Normal Sinus Rhythm,2026-01-24,1
EG_042-S07-008_WEEK4,042-S07-008,S07,363,WEEK4,440,Normal Sinus Rhythm,2026-02-24,2
EG_042-S07-008_WEEK12,042-S07-008,S07,364,WEEK12,430,Normal Sinus Rhythm,2026-04-24,4
EG_042-S08-008_SCREENING,042-S08-008,S08,365,SCREENING,437,Normal Sinus Rhythm,2026-01-10,1
EG_042-S08-008_BASELINE,042-S08-008,S08,366,BASELINE,428,Normal Sinus Rhythm,2026-01-24,1
EG_042-S08-008_WEEK4,042-S08-008,S08,367,WEEK4,391,Normal Sinus Rhythm,2026-02-24,2
EG_042-S08-008_WEEK12,042-S08-008,S08,368,WEEK12,436,Normal Sinus Rhythm,2026-04-24,4
EG_042-S09-008_SCREENING,042-S09-008,S09,369,SCREENING,399,Normal Sinus Rhythm,2026-01-10,1
EG_042-S09-008_BASELINE,042-S09-008,S09,370,BASELINE,412,Normal Sinus Rhythm,2026-01-24,1
EG_042-S09-008_WEEK4,042-S09-008,S09,371,WEEK4,410,Normal Sinus Rhythm,2026-02-24,2
EG_042-S09-008_WEEK12,042-S09-008,S09,372,WEEK12,414,Normal Sinus Rhythm,2026-04-24,4
EG_042-S10-008_SCREENING,042-S10-008,S10,373,SCREENING,433,Normal Sinus Rhythm,2026-01-10,1
EG_042-S10-008_BASELINE,042-S10-008,S10,374,BASELINE,397,Normal Sinus Rhythm,2026-01-24,1
EG_042-S10-008_WEEK4,042-S10-008,S10,375,WEEK4,440,Normal Sinus Rhythm,2026-02-24,2
EG_042-S10-008_WEEK12,042-S10-008,S10,376,WEEK12,422,Normal Sinus Rhythm,2026-04-24,4
EG_042-S11-008_SCREENING,042-S11-008,S11,377,SCREENING,431,Normal Sinus Rhythm,2026-01-10,1
EG_042-S11-008_BASELINE,042-S11-008,S11,378,BASELINE,408,Normal Sinus Rhythm,2026-01-24,1
EG_042-S11-008_WEEK4,042-S11-008,S11,379,WEEK4,438,Normal Sinus Rhythm,2026-02-24,2
EG_042-S11-008_WEEK12,042-S11-008,S11,380,WEEK12,408,Normal Sinus Rhythm,2026-04-24,4
EG_042-S12-008_SCREENING,042-S12-008,S12,381,SCREENING,406,Normal Sinus Rhythm,2026-01-10,1
EG_042-S12-008_BASELINE,042-S12-008,S12,382,BASELINE,400,Normal Sinus Rhythm,2026-01-24,1
EG_042-S12-008_WEEK4,042-S12-008,S12,383,WEEK4,395,Normal Sinus Rhythm,2026-02-24,2
EG_042-S12-008_WEEK12,042-S12-008,S12,384,WEEK12,424,Normal Sinus Rhythm,2026-04-24,4
EG_042-S01-009_SCREENING,042-S01-009,S01,385,SCREENING,399,Normal Sinus Rhythm,2026-01-10,1
EG_042-S01-009_BASELINE,042-S01-009,S01,386,BASELINE,428,Normal Sinus Rhythm,2026-01-24,1
EG_042-S01-009_WEEK4,042-S01-009,S01,387,WEEK4,432,Normal Sinus Rhythm,2026-02-24,2
EG_042-S01-009_WEEK12,042-S01-009,S01,388,WEEK12,426,Normal Sinus Rhythm,2026-04-24,4
EG_042-S02-009_SCREENING,042-S02-009,S02,389,SCREENING,424,Normal Sinus Rhythm,2026-01-10,1
EG_042-S02-009_BASELINE,042-S02-009,S02,390,BASELINE,420,Normal Sinus Rhythm,2026-01-24,1
EG_042-S02-009_WEEK4,042-S02-009,S02,391,WEEK4,408,Normal Sinus Rhythm,2026-02-24,2
EG_042-S02-009_WEEK12,042-S02-009,S02,392,WEEK12,421,Normal Sinus Rhythm,2026-04-24,4
EG_042-S03-009_SCREENING,042-S03-009,S03,393,SCREENING,423,Normal Sinus Rhythm,2026-01-10,1
EG_042-S03-009_BASELINE,042-S03-009,S03,394,BASELINE,439,Normal Sinus Rhythm,2026-01-24,1
EG_042-S03-009_WEEK4,042-S03-009,S03,395,WEEK4,394,Normal Sinus Rhythm,2026-02-24,2
EG_042-S03-009_WEEK12,042-S03-009,S03,396,WEEK12,399,Normal Sinus Rhythm,2026-04-24,4
EG_042-S04-009_SCREENING,042-S04-009,S04,397,SCREENING,401,Normal Sinus Rhythm,2026-01-10,1
EG_042-S04-009_BASELINE,042-S04-009,S04,398,BASELINE,438,Normal Sinus Rhythm,2026-01-24,1
EG_042-S04-009_WEEK4,042-S04-009,S04,399,WEEK4,408,Normal Sinus Rhythm,2026-02-24,2
EG_042-S04-009_WEEK12,042-S04-009,S04,400,WEEK12,422,Normal Sinus Rhythm,2026-04-24,4
