record_id,usubjid,site,mhseq,condition,diagnosis_year,status,cut_available
MH_042-S01-001_1,042-S01-001,S01,1,Hyperlipidemia,2018,Ongoing,1
MH_042-S01-002_2,042-S01-002,S01,2,Osteoarthritis,2018,Ongoing,1
MH_042-S01-002_3,042-S01-002,S01,3,Type 2 Diabetes Mellitus,2018,Ongoing,1
MH_042-S02-001_4,042-S02-001,S02,4,Osteoarthritis,2018,Ongoing,1
MH_042-S02-001_5,042-S02-001,S02,5,Type 2 Diabetes Mellitus,2018,Ongoing,1
MH_042-S03-001_6,042-S03-001,S03,6,Type 2 Diabetes Mellitus,2018,Ongoing,1
MH_042-S05-001_7,042-S05-001,S05,7,Hyperlipidemia,2018,Ongoing,1
MH_042-S05-003_8,042-S05-003,S05,8,Osteoarthritis,2018,Ongoing,1
MH_042-S07-001_9,042-S07-001,S07,9,Hyperlipidemia,2018,Ongoing,1
MH_042-S07-001_10,042-S07-001,S07,10,Type 2 Diabetes Mellitus,2018,Ongoing,1
MH_042-S07-002_11,042-S07-002,S07,11,Hyperlipidemia,2018,Ongoing,1
MH_042-S07-002_12,042-S07-002,S07,12,Osteoarthritis,2018,Ongoing,1
MH_042-S07-003_13,042-S07-003,S07,13,Osteoarthritis,2018,Ongoing,1
MH_042-S10-001_14,042-S10-001,S10,14,Type 2 Diabetes Mellitus,2018,Ongoing,1
MH_042-S10-001_15,042-S10-001,S10,15,Osteoarthritis,2018,Ongoing,1
MH_042-S11-001_16,042-S11-001,S11,16,Hypertension,2018,Ongoing,1
MH_042-S11-001_17,042-S11-001,S11,17,Osteoarthritis,2018,Ongoing,1
MH_042-S12-001_18,042-S12-001,S12,18,Hyperlipidemia,2018,Ongoing,1
MH_042-S01-002_19,042-S01-002,S01,19,Type 2 Diabetes Mellitus,2018,Ongoing,1
MH_042-S01-002_20,042-S01-002,S01,20,Hypertension,2018,Ongoing,1
MH_042-S02-002_21,042-S02-002,S02,21,Hypertension,2018,Ongoing,1
MH_042-S02-002_22,042-S02-002,S02,22,Hyperlipidemia,2018,Ongoing,1
MH_042-S03-002_23,042-S03-002,S03,23,Type 2 Diabetes Mellitus,2018,Ongoing,1
MH_042-S03-002_24,042-S03-002,S03,24,Hyperlipidemia,2018,Ongoing,1
MH_042-S04-002_25,042-S04-002,S04,25,Osteoarthritis,2018,Ongoing,1
MH_042-S05-002_26,042-S05-002,S05,26,Osteoarthritis,2018,Ongoing,1
MH_042-S06-002_27,042-S06-002,S06,27,Hypertension,2018,Ongoing,1
MH_042-S07-002_28,042-S07-002,S07,28,Osteoarthritis,2018,Ongoing,1
MH_042-S07-002_29,042-S07-002,S07,29,Hyperlipidemia,2018,Ongoing,1
MH_042-S08-002_30,042-S08-002,S08,30,Type 2 Diabetes Mellitus,2018,Ongoing,1
MH_042-S08-002_31,042-S08-002,S08,31,Hyperlipidemia,2018,Ongoing,1
MH_042-S09-002_32,042-S09-002,S09,32,Hypertension,2018,Ongoing,1
MH_042-S10-002_33,042-S10-002,S10,33,Type 2 Diabetes Mellitus,2018,Ongoing,1
MH_042-S11-002_34,042-S11-002,S11,34,Type 2 Diabetes Mellitus,2018,Ongoing,1
MH_042-S11-002_35,042-S11-002,S11,35,Osteoarthritis,2018,Ongoing,1
MH_042-S12-002_36,042-S12-002,S12,36,Hyperlipidemia,2018,Ongoing,1
MH_042-S12-002_37,042-S12-002,S12,37,Osteoarthritis,2018,Ongoing,1
MH_042-S01-003_38,042-S01-003,S01,38,Type 2 Diabetes Mellitus,2018,Ongoing,1
MH_042-S02-003_39,042-S02-003,S02,39,Hyperlipidemia,2018,Ongoing,1
MH_042-S02-003_40,042-S02-003,S02,40,Osteoarthritis,2018,Ongoing,1
MH_042-S03-003_41,042-S03-003,S03,41,Osteoarthritis,2018,Ongoing,1
MH_042-S04-003_42,042-S04-003,S04,42,Hypertension,2018,Ongoing,1
MH_042-S04-003_43,042-S04-003,S04,43,Hyperlipidemia,2018,Ongoing,1
MH_042-S05-003_44,042-S05-003,S05,44,Osteoarthritis,2018,Ongoing,1
MH_042-S06-003_45,042-S06-003,S06,45,Type 2 Diabetes Mellitus,2018,Ongoing,1
MH_042-S07-003_46,042-S07-003,S07,46,Hyperlipidemia,2018,Ongoing,1
MH_042-S07-003_47,042-S07-003,S07,47,Type 2 Diabetes Mellitus,2018,Ongoing,1
MH_042-S08-003_48,042-S08-003,S08,48,Type 2 Diabetes Mellitus,2018,Ongoing,1
MH_042-S09-003_49,042-S09-003,S09,49,Osteoarthritis,2018,Ongoing,1
MH_042-S10-003_50,042-S10-003,S10,50,Hypertension,2018,Ongoing,1
MH_042-S10-003_51,042-S10-003,S10,51,Hyperlipidemia,2018,Ongoing,1
MH_042-S11-003_52,042-S11-003,S11,52,Osteoarthritis,2018,Ongoing,1
MH_042-S11-003_53,042-S11-003,S11,53,Hypertension,2018,Ongoing,1
MH_042-S12-003_54,042-S12-003,S12,54,Type 2 Diabetes Mellitus,2018,Ongoing,1
MH_042-S01-004_55,042-S01-004,S01,55,Osteoarthritis,2018,Ongoing,1
MH_042-S02-004_56,042-S02-004,S02,56,Hyperlipidemia,2018,Ongoing,1
MH_042-S03-004_57,042-S03-004,S03,57,Hypertension,2018,Ongoing,1
MH_042-S03-004_58,042-S03-004,S03,58,Type 2 Diabetes Mellitus,2018,Ongoing,1
MH_042-S04-004_59,042-S04-004,S04,59,Hyperlipidemia,2018,Ongoing,1
MH_042-S04-004_60,042-S04-004,S04,60,Type 2 Diabetes Mellitus,2018,Ongoing,1
MH_042-S05-004_61,042-S05-004,S05,61,Type 2 Diabetes Mellitus,2018,Ongoing,1
MH_042-S05-004_62,042-S05-004,S05,62,Hypertension,2018,Ongoing,1
MH_042-S06-004_63,042-S06-004,S06,63,Osteoarthritis,2018,Ongoing,1
MH_042-S06-004_64,042-S06-004,S06,64,Type 2 Diabetes Mellitus,2018,Ongoing,1
MH_042-S07-004_65,042-S07-004,S07,65,Hyperlipidemia,2018,Ongoing,1
MH_042-S07-004_66,042-S07-004,S07,66,Hypertension,2018,Ongoing,1
MH_042-S08-004_67,042-S08-004,S08,67,Hypertension,2018,Ongoing,1
MH_042-S09-004_68,042-S09-004,S09,68,Hypertension,2018,Ongoing,1
MH_042-S09-004_69,042-S09-004,S09,69,Hyperlipidemia,2018,Ongoing,1
MH_042-S10-004_70,042-S10-004,S10,70,Hyperlipidemia,2018,Ongoing,1
MH_042-S10-004_71,042-S10-004,S10,71,Osteoarthritis,2018,Ongoing,1
MH_042-S11-004_72,042-S11-004,S11,72,Hyperlipidemia,2018,Ongoing,1
MH_042-S12-004_73,042-S12-004,S12,73,Type 2 Diabetes Mellitus,2018,Ongoing,1
MH_042-S01-005_74,042-S01-005,S01,74,Osteoarthritis,2018,Ongoing,1
MH_042-S02-005_75,042-S02-005,S02,75,Hyperlipidemia,2018,Ongoing,1
MH_042-S02-005_76,042-S02-005,S02,76,Hypertension,2018,Ongoing,1
MH_042-S03-005_77,042-S03-005,S03,77,Hyperlipidemia,2018,Ongoing,1
MH_042-S03-005_78,042-S03-005,S03,78,Osteoarthritis,2018,Ongoing,1
MH_042-S04-005_79,042-S04-005,S04,79,Hypertension,2018,Ongoing,1
MH_042-S05-005_80,042-S05-005,S05,80,Hyperlipidemia,2018,Ongoing,1
MH_042-S06-005_81,042-S06-005,S06,81,Hypertension,2018,Ongoing,1
MH_042-S07-005_82,042-S07-005,S07,82,Hyperlipidemia,2018,Ongoing,1
MH_042-S07-005_83,042-S07-005,S07,83,Osteoarthritis,2018,Ongoing,1
MH_042-S08-005_84,042-S08-005,S08,84,Osteoarthritis,2018,Ongoing,1
MH_042-S09-005_85,042-S09-005,S09,85,Hyperlipidemia,2018,Ongoing,1
MH_042-S10-005_86,042-S10-005,S10,86,Hyperlipidemia,2018,Ongoing,1
MH_042-S11-005_87,042-S11-005,S11,87,Hyperlipidemia,2018,Ongoing,1
MH_042-S12-005_88,042-S12-005,S12,88,Hypertension,2018,Ongoing,1
MH_042-S01-006_89,042-S01-006,S01,89,Hypertension,2018,Ongoing,1
MH_042-S02-006_90,042-S02-006,S02,90,Hypertension,2018,Ongoing,1
MH_042-S02-006_91,042-S02-006,S02,91,Hyperlipidemia,2018,Ongoing,1
MH_042-S03-006_92,042-S03-006,S03,92,Hyperlipidemia,2018,Ongoing,1
MH_042-S03-006_93,042-S03-006,S03,93,Osteoarthritis,2018,Ongoing,1
MH_042-S04-006_94,042-S04-006,S04,94,Osteoarthritis,2018,Ongoing,1
MH_042-S05-006_95,042-S05-006,S05,95,Hypertension,2018,Ongoing,1
MH_042-S06-006_96,042-S06-006,S06,96,Type 2 Diabetes Mellitus,2018,Ongoing,1
MH_042-S07-006_97,042-S07-006,S07,97,Osteoarthritis,2018,Ongoing,1
MH_042-S08-006_98,042-S08-006,S08,98,Type 2 Diabetes Mellitus,2018,Ongoing,1
MH_042-S08-006_99,042-S08-006,S08,99,Hyperlipidemia,2018,Ongoing,1
MH_042-S09-006_100,042-S09-006,S09,100,Hypertension,2018,Ongoing,1
MH_042-S10-006_101,042-S10-006,S10,101,Type 2 Diabetes Mellitus,2018,Ongoing,1
MH_042-S11-006_102,042-S11-006,S11,102,Osteoarthritis,2018,Ongoing,1
MH_042-S12-006_103,042-S12-006,S12,103,Hypertension,2018,Ongoing,1
MH_042-S01-007_104,042-S01-007,S01,104,Hyperlipidemia,2018,Ongoing,1
MH_042-S01-007_105,042-S01-007,S01,105,Type 2 Diabetes Mellitus,2018,Ongoing,1
MH_042-S02-007_106,042-S02-007,S02,106,Osteoarthritis,2018,Ongoing,1
MH_042-S03-007_107,042-S03-007,S03,107,Type 2 Diabetes Mellitus,2018,Ongoing,1
MH_042-S04-007_108,042-S04-007,S04,108,Osteoarthritis,2018,Ongoing,1
MH_042-S05-007_109,042-S05-007,S05,109,Osteoarthritis,2018,Ongoing,1
MH_042-S05-007_110,042-S05-007,S05,110,Type 2 Diabetes Mellitus,2018,Ongoing,1
MH_042-S06-007_111,042-S06-007,S06,111,Osteoarthritis,2018,Ongoing,1
MH_042-S06-007_112,042-S06-007,S06,112,Hyperlipidemia,2018,Ongoing,1
MH_042-S07-007_113,042-S07-007,S07,113,Type 2 Diabetes Mellitus,2018,Ongoing,1
MH_042-S08-007_114,042-S08-007,S08,114,Hypertension,2018,Ongoing,1
MH_042-S09-007_115,042-S09-007,S09,115,Type 2 Diabetes Mellitus,2018,Ongoing,1
MH_042-S10-007_116,042-S10-007,S10,116,Hyperlipidemia,2018,Ongoing,1
MH_042-S11-007_117,042-S11-007,S11,117,Type 2 Diabetes Mellitus,2018,Ongoing,1
MH_042-S11-007_118,042-S11-007,S11,118,Hyperlipidemia,2018,Ongoing,1
MH_042-S12-007_119,042-S12-007,S12,119,Type 2 Diabetes Mellitus,2018,Ongoing,1
MH_042-S01-008_120,042-S01-008,S01,120,Osteoarthritis,2018,Ongoing,1
MH_042-S02-008_121,042-S02-008,S02,121,Osteoarthritis,2018,Ongoing,1
MH_042-S02-008_122,042-S02-008,S02,122,Hyperlipidemia,2018,Ongoing,1
MH_042-S03-008_123,042-S03-008,S03,123,Hyperlipidemia,2018,Ongoing,1
MH_042-S03-008_124,042-S03-008,S03,124,Osteoarthritis,2018,Ongoing,1
MH_042-S04-008_125,042-S04-008,S04,125,Type 2 Diabetes Mellitus,2018,Ongoing,1
MH_042-S04-008_126,042-S04-008,S04,126,Hyperlipidemia,2018,Ongoing,1
MH_042-S05-008_127,042-S05-008,S05,127,Type 2 Diabetes Mellitus,2018,Ongoing,1
MH_042-S05-008_128,042-S05-008,S05,128,Hyperlipidemia,2018,Ongoing,1
MH_042-S06-008_129,042-S06-008,S06,129,Osteoarthritis,2018,Ongoing,1
MH_042-S07-008_130,042-S07-008,S07,130,Hyperlipidemia,2018,Ongoing,1
MH_042-S07-008_131,042-S07-008,S07,131,Type 2 Diabetes Mellitus,2018,Ongoing,1
MH_042-S08-008_132,042-S08-008,S08,132,Type 2 Diabetes Mellitus,2018,Ongoing,1
MH_042-S09-008_133,042-S09-008,S09,133,Type 2 Diabetes Mellitus,2018,Ongoing,1
MH_042-S09-008_134,042-S09-008,S09,134,Osteoarthritis,2018,Ongoing,1
MH_042-S10-008_135,042-S10-008,S10,135,Type 2 Diabetes Mellitus,2018,Ongoing,1
MH_042-S10-008_136,042-S10-008,S10,136,Hyperlipidemia,2018,Ongoing,1
MH_042-S11-008_137,042-S11-008,S11,137,Hypertension,2018,Ongoing,1
MH_042-S11-008_138,042-S11-008,S11,138,Type 2 Diabetes Mellitus,2018,Ongoing,1
MH_042-S12-008_139,042-S12-008,S12,139,Osteoarthritis,2018,Ongoing,1
MH_042-S12-008_140,042-S12-008,S12,140,Hypertension,2018,Ongoing,1
MH_042-S01-009_141,042-S01-009,S01,141,Hypertension,2018,Ongoing,1
MH_042-S02-009_142,042-S02-009,S02,142,Hypertension,2018,Ongoing,1
MH_042-S02-009_143,042-S02-009,S02,143,Type 2 Diabetes Mellitus,2018,Ongoing,1
MH_042-S03-009_144,042-S03-009,S03,144,Hypertension,2018,Ongoing,1
MH_042-S04-009_145,042-S04-009,S04,145,Type 2 Diabetes Mellitus,2018,Ongoing,1
MH_042-S05-009_146,042-S05-009,S05,146,Osteoarthritis,2018,Ongoing,1
MH_042-S06-009_147,042-S06-009,S06,147,Hyperlipidemia,2018,Ongoing,1
MH_042-S06-009_148,042-S06-009,S06,148,Hypertension,2018,Ongoing,1
MH_042-S07-009_149,042-S07-009,S07,149,Type 2 Diabetes Mellitus,2018,Ongoing,1
MH_042-S07-009_150,042-S07-009,S07,150,Osteoarthritis,2018,Ongoing,1
MH_042-S08-009_151,042-S08-009,S08,151,Type 2 Diabetes Mellitus,2018,Ongoing,1
MH_042-S08-009_152,042-S08-009,S08,152,Hyperlipidemia,2018,Ongoing,1
MH_042-S09-009_153,042-S09-009,S09,153,Hypertension,2018,Ongoing,1
MH_042-S09-009_154,042-S09-009,S09,154,Hyperlipidemia,2018,Ongoing,1
MH_042-S10-009_155,042-S10-009,S10,155,Type 2 Diabetes Mellitus,2018,Ongoing,1
MH_042-S10-009_156,042-S10-009,S10,156,Hypertension,2018,Ongoing,1
MH_042-S11-009_157,042-S11-009,S11,157,Hyperlipidemia,2018,Ongoing,1
MH_042-S12-009_158,042-S12-009,S12,158,Osteoarthritis,2018,Ongoing,1
MH_042-S01-010_159,042-S01-010,S01,159,Osteoarthritis,2018,Ongoing,1
MH_042-S01-010_160,042-S01-010,S01,160,Hypertension,2018,Ongoing,1
MH_042-S02-010_161,042-S02-010,S02,161,Type 2 Diabetes Mellitus,2018,Ongoing,1
MH_042-S03-010_162,042-S03-010,S03,162,Hypertension,2018,Ongoing,1
MH_042-S04-010_163,042-S04-010,S04,163,Type 2 Diabetes Mellitus,2018,Ongoing,1
MH_042-S04-010_164,042-S04-010,S04,164,Osteoarthritis,2018,Ongoing,1
MH_042-S05-010_165,042-S05-010,S05,165,Type 2 Diabetes Mellitus,2018,Ongoing,1
MH_042-S06-010_166,042-S06-010,S06,166,Hyperlipidemia,2018,Ongoing,1
MH_042-S07-010_167,042-S07-010,S07,167,Osteoarthritis,2018,Ongoing,1
MH_042-S07-010_168,042-S07-010,S07,168,Hyperlipidemia,2018,Ongoing,1
MH_042-S08-010_169,042-S08-010,S08,169,Type 2 Diabetes Mellitus,2018,Ongoing,1
MH_042-S09-010_170,042-S09-010,S09,170,Hypertension,2018,Ongoing,1
MH_042-S09-010_171,042-S09-010,S09,171,Hyperlipidemia,2018,Ongoing,1
MH_042-S10-010_172,042-S10-010,S10,172,Type 2 Diabetes Mellitus,2018,Ongoing,1
MH_042-S10-010_173,042-S10-010,S10,173,Hypertension,2018,Ongoing,1
MH_042-S11-010_174,042-S11-010,S11,174,Type 2 Diabetes Mellitus,2018,Ongoing,1
MH_042-S12-010_175,042-S12-010,S12,175,Hypertension,2018,Ongoing,1
MH_042-S01-011_176,042-S01-011,S01,176,Hyperlipidemia,2018,Ongoing,2
MH_042-S01-011_177,042-S01-011,S01,177,Hypertension,2018,Ongoing,2
MH_042-S02-011_178,042-S02-011,S02,178,Osteoarthritis,2018,Ongoing,2
MH_042-S03-011_179,042-S03-011,S03,179,Osteoarthritis,2018,Ongoing,2
MH_042-S04-011_180,042-S04-011,S04,180,Osteoarthritis,2018,Ongoing,2
MH_042-S05-011_181,042-S05-011,S05,181,Osteoarthritis,2018,Ongoing,2
MH_042-S05-011_182,042-S05-011,S05,182,Hyperlipidemia,2018,Ongoing,2
MH_042-S06-011_183,042-S06-011,S06,183,Hypertension,2018,Ongoing,2
MH_042-S07-011_184,042-S07-011,S07,184,Hyperlipidemia,2018,Ongoing,2
MH_042-S07-011_185,042-S07-011,S07,185,Osteoarthritis,2018,Ongoing,2
MH_042-S08-011_186,042-S08-011,S08,186,Type 2 Diabetes Mellitus,2018,Ongoing,2
MH_042-S09-011_187,042-S09-011,S09,187,Hyperlipidemia,2018,Ongoing,2
MH_042-S10-011_188,042-S10-011,S10,188,Osteoarthritis,2018,Ongoing,2
MH_042-S11-011_189,042-S11-011,S11,189,Hyperlipidemia,2018,Ongoing,2
MH_042-S12-011_190,042-S12-011,S12,190,Hypertension,2018,Ongoing,2
MH_042-S12-011_191,042-S12-011,S12,191,Osteoarthritis,2018,Ongoing,2
MH_042-S01-012_192,042-S01-012,S01,192,Osteoarthritis,2018,Ongoing,2
MH_042-S02-012_193,042-S02-012,S02,193,Hypertension,2018,Ongoing,2
MH_042-S03-012_194,042-S03-012,S03,194,Hyperlipidemia,2018,Ongoing,2
MH_042-S04-012_195,042-S04-012,S04,195,Type 2 Diabetes Mellitus,2018,Ongoing,2
MH_042-S05-012_196,042-S05-012,S05,196,Hyperlipidemia,2018,Ongoing,2
MH_042-S06-012_197,042-S06-012,S06,197,Type 2 Diabetes Mellitus,2018,Ongoing,2
MH_042-S06-012_198,042-S06-012,S06,198,Hyperlipidemia,2018,Ongoing,2
MH_042-S07-012_199,042-S07-012,S07,199,Hyperlipidemia,2018,Ongoing,2
MH_042-S08-012_200,042-S08-012,S08,200,Hyperlipidemia,2018,Ongoing,2
MH_042-S09-012_201,042-S09-012,S09,201,Hypertension,2018,Ongoing,2
MH_042-S09-012_202,042-S09-012,S09,202,Type 2 Diabetes Mellitus,2018,Ongoing,2
MH_042-S10-012_203,042-S10-012,S10,203,Hyperlipidemia,2018,Ongoing,2
MH_042-S10-012_204,042-S10-012,S10,204,Osteoarthritis,2018,Ongoing,2
MH_042-S11-012_205,042-S11-012,S11,205,Osteoarthritis,2018,Ongoing,2
MH_042-S12-012_206,042-S12-012,S12,206,Osteoarthritis,2018,Ongoing,2
MH_042-S12-012_207,042-S12-012,S12,207,Hyperlipidemia,2018,Ongoing,2
MH_042-S01-013_208,042-S01-013,S01,208,Osteoarthritis,2018,Ongoing,2
MH_042-S01-013_209,042-S01-013,S01,209,Type 2 Diabetes Mellitus,2018,Ongoing,2
MH_042-S02-013_210,042-S02-013,S02,210,Hypertension,2018,Ongoing,2
MH_042-S02-013_211,042-S02-013,S02,211,Hyperlipidemia,2018,Ongoing,2
MH_042-S03-013_212,042-S03-013,S03,212,Osteoarthritis,2018,Ongoing,2
MH_042-S03-013_213,042-S03-013,S03,213,Hyperlipidemia,2018,Ongoing,2
MH_042-S04-013_214,042-S04-013,S04,214,Hypertension,2018,Ongoing,2
MH_042-S05-013_215,042-S05-013,S05,215,Type 2 Diabetes Mellitus,2018,Ongoing,2
MH_042-S05-013_216,042-S05-013,S05,216,Hypertension,2018,Ongoing,2
MH_042-S06-013_217,042-S06-013,S06,217,Hyperlipidemia,2018,Ongoing,2
MH_042-S07-013_218,042-S07-013,S07,218,Hypertension,2018,Ongoing,2
MH_042-S08-013_219,042-S08-013,S08,219,Type 2 Diabetes Mellitus,2018,Ongoing,2
MH_042-S09-013_220,042-S09-013,S09,220,Hypertension,2018,Ongoing,2
MH_042-S10-013_221,042-S10-013,S10,221,Hypertension,2018,Ongoing,2
MH_042-S10-013_222,042-S10-013,S10,222,Osteoarthritis,2018,Ongoing,2
MH_042-S11-013_223,042-S11-013,S11,223,Type 2 Diabetes Mellitus,2018,Ongoing,2
MH_042-S11-013_224,042-S11-013,S11,224,Hypertension,2018,Ongoing,2
MH_042-S12-013_225,042-S12-013,S12,225,Osteoarthritis,2018,Ongoing,2
MH_042-S01-014_226,042-S01-014,S01,226,Osteoarthritis,2018,Ongoing,2
MH_042-S02-014_227,042-S02-014,S02,227,Osteoarthritis,2018,Ongoing,2
MH_042-S03-014_228,042-S03-014,S03,228,Type 2 Diabetes Mellitus,2018,Ongoing,2
MH_042-S03-014_229,042-S03-014,S03,229,Hyperlipidemia,2018,Ongoing,2
MH_042-S04-014_230,042-S04-014,S04,230,Hypertension,2018,Ongoing,2
MH_042-S04-014_231,042-S04-014,S04,231,Hyperlipidemia,2018,Ongoing,2
MH_042-S05-014_232,042-S05-014,S05,232,Hyperlipidemia,2018,Ongoing,2
MH_042-S06-014_233,042-S06-014,S06,233,Hypertension,2018,Ongoing,2
MH_042-S07-014_234,042-S07-014,S07,234,Hyperlipidemia,2018,Ongoing,2
MH_042-S07-014_235,042-S07-014,S07,235,Osteoarthritis,2018,Ongoing,2
MH_042-S08-014_236,042-S08-014,S08,236,Hypertension,2018,Ongoing,2
MH_042-S09-014_237,042-S09-014,S09,237,Hyperlipidemia,2018,Ongoing,2
MH_042-S10-014_238,042-S10-014,S10,238,Hyperlipidemia,2018,Ongoing,2
MH_042-S11-014_239,042-S11-014,S11,239,Type 2 Diabetes Mellitus,2018,Ongoing,2
MH_042-S11-014_240,042-S11-014,S11,240,Osteoarthritis,2018,Ongoing,2
MH_042-S12-014_241,042-S12-014,S12,241,Hyperlipidemia,2018,Ongoing,2
MH_042-S12-014_242,042-S12-014,S12,242,Type 2 Diabetes Mellitus,2018,Ongoing,2
MH_042-S01-015_243,042-S01-015,S01,243,Osteoarthritis,2018,Ongoing,2
MH_042-S02-015_244,042-S02-015,S02,244,Hypertension,2018,Ongoing,2
MH_042-S02-015_245,042-S02-015,S02,245,Osteoarthritis,2018,Ongoing,2
MH_042-S03-015_246,042-S03-015,S03,246,Type 2 Diabetes Mellitus,2018,Ongoing,2
MH_042-S03-015_247,042-S03-015,S03,247,Hyperlipidemia,2018,Ongoing,2
MH_042-S04-015_248,042-S04-015,S04,248,Osteoarthritis,2018,Ongoing,2
MH_042-S04-015_249,042-S04-015,S04,249,Hypertension,2018,Ongoing,2
MH_042-S05-015_250,042-S05-015,S05,250,Type 2 Diabetes Mellitus,2018,Ongoing,2
MH_042-S05-015_251,042-S05-015,S05,251,Osteoarthritis,2018,Ongoing,2
MH_042-S06-015_252,042-S06-015,S06,252,Osteoarthritis,2018,Ongoing,2
MH_042-S07-015_253,042-S07-015,S07,253,Type 2 Diabetes Mellitus,2018,Ongoing,2
MH_042-S07-015_254,042-S07-015,S07,254,Hyperlipidemia,2018,Ongoing,2
MH_042-S08-015_255,042-S08-015,S08,255,Hypertension,2018,Ongoing,2
MH_042-S09-015_256,042-S09-015,S09,256,Hyperlipidemia,2018,Ongoing,2
MH_042-S09-015_257,042-S09-015,S09,257,Type 2 Diabetes Mellitus,2018,Ongoing,2
MH_042-S10-015_258,042-S10-015,S10,258,Hypertension,2018,Ongoing,2
MH_042-S10-015_259,042-S10-015,S10,259,Osteoarthritis,2018,Ongoing,2
MH_042-S11-015_260,042-S11-015,S11,260,Hypertension,2018,Ongoing,2
MH_042-S11-015_261,042-S11-015,S11,261,Type 2 Diabetes Mellitus,2018,Ongoing,2
MH_042-S12-015_262,042-S12-015,S12,262,Hyperlipidemia,2018,Ongoing,2
MH_042-S12-015_263,042-S12-015,S12,263,Osteoarthritis,2018,Ongoing,2
MH_042-S01-016_264,042-S01-016,S01,264,Type 2 Diabetes Mellitus,2018,Ongoing,3
MH_042-S02-016_265,042-S02-016,S02,265,Osteoarthritis,2018,Ongoing,3
MH_042-S03-016_266,042-S03-016,S03,266,Type 2 Diabetes Mellitus,2018,Ongoing,3
MH_042-S04-016_267,042-S04-016,S04,267,Osteoarthritis,2018,Ongoing,3
MH_042-S05-016_268,042-S05-016,S05,268,Osteoarthritis,2018,Ongoing,3
MH_042-S05-016_269,042-S05-016,S05,269,Type 2 Diabetes Mellitus,2018,Ongoing,3
MH_042-S06-016_270,042-S06-016,S06,270,Type 2 Diabetes Mellitus,2018,Ongoing,3
MH_042-S07-016_271,042-S07-016,S07,271,Hypertension,2018,Ongoing,3
MH_042-S07-016_272,042-S07-016,S07,272,Type 2 Diabetes Mellitus,2018,Ongoing,3
MH_042-S08-016_273,042-S08-016,S08,273,Hypertension,2018,Ongoing,3
MH_042-S09-016_274,042-S09-016,S09,274,Type 2 Diabetes Mellitus,2018,Ongoing,3
MH_042-S09-016_275,042-S09-016,S09,275,Osteoarthritis,2018,Ongoing,3
MH_042-S10-016_276,042-S10-016,S10,276,Osteoarthritis,2018,Ongoing,3
MH_042-S11-016_277,042-S11-016,S11,277,Hyperlipidemia,2018,Ongoing,3
MH_042-S12-016_278,042-S12-016,S12,278,Hyperlipidemia,2018,Ongoing,3
MH_042-S01-017_279,042-S01-017,S01,279,Hyperlipidemia,2018,Ongoing,3
MH_042-S02-017_280,042-S02-017,S02,280,Osteoarthritis,2018,Ongoing,3
MH_042-S03-017_281,042-S03-017,S03,281,Hypertension,2018,Ongoing,3
MH_042-S03-017_282,042-S03-017,S03,282,Hyperlipidemia,2018,Ongoing,3
MH_042-S04-017_283,042-S04-017,S04,283,Osteoarthritis,2018,Ongoing,3
MH_042-S05-017_284,042-S05-017,S05,284,Hypertension,2018,Ongoing,3
MH_042-S05-017_285,042-S05-017,S05,285,Type 2 Diabetes Mellitus,2018,Ongoing,3
MH_042-S06-017_286,042-S06-017,S06,286,Hypertension,2018,Ongoing,3
MH_042-S06-017_287,042-S06-017,S06,287,Hyperlipidemia,2018,Ongoing,3
MH_042-S07-017_288,042-S07-017,S07,288,Hyperlipidemia,2018,Ongoing,3
MH_042-S07-017_289,042-S07-017,S07,289,Type 2 Diabetes Mellitus,2018,Ongoing,3
MH_042-S08-017_290,042-S08-017,S08,290,Osteoarthritis,2018,Ongoing,3
MH_042-S08-017_291,042-S08-017,S08,291,Hypertension,2018,Ongoing,3
MH_042-S09-017_292,042-S09-017,S09,292,Osteoarthritis,2018,Ongoing,3
MH_042-S09-017_293,042-S09-017,S09,293,Type 2 Diabetes Mellitus,2018,Ongoing,3
MH_042-S10-017_294,042-S10-017,S10,294,Osteoarthritis,2018,Ongoing,3
MH_042-S11-017_295,042-S11-017,S11,295,Osteoarthritis,2018,Ongoing,3
MH_042-S12-017_296,042-S12-017,S12,296,Hypertension,2018,Ongoing,3
MH_042-S12-017_297,042-S12-017,S12,297,Hyperlipidemia,2018,Ongoing,3
MH_042-S01-018_298,042-S01-018,S01,298,Hyperlipidemia,2018,Ongoing,3
MH_042-S02-018_299,042-S02-018,S02,299,Type 2 Diabetes Mellitus,2018,Ongoing,3
MH_042-S03-018_300,042-S03-018,S03,300,Osteoarthritis,2018,Ongoing,3
MH_042-S03-018_301,042-S03-018,S03,301,Hypertension,2018,Ongoing,3
MH_042-S04-018_302,042-S04-018,S04,302,Hypertension,2018,Ongoing,3
MH_042-S05-018_303,042-S05-018,S05,303,Hyperlipidemia,2018,Ongoing,3
MH_042-S06-018_304,042-S06-018,S06,304,Osteoarthritis,2018,Ongoing,3
MH_042-S07-018_305,042-S07-018,S07,305,Type 2 Diabetes Mellitus,2018,Ongoing,3
MH_042-S07-018_306,042-S07-018,S07,306,Osteoarthritis,2018,Ongoing,3
MH_042-S08-018_307,042-S08-018,S08,307,Hypertension,2018,Ongoing,3
MH_042-S09-018_308,042-S09-018,S09,308,Hypertension,2018,Ongoing,3
MH_042-S09-018_309,042-S09-018,S09,309,Type 2 Diabetes Mellitus,2018,Ongoing,3
MH_042-S10-018_310,042-S10-018,S10,310,Hyperlipidemia,2018,Ongoing,3
MH_042-S11-018_311,042-S11-018,S11,311,Hypertension,2018,Ongoing,3
MH_042-S11-018_312,042-S11-018,S11,312,Type 2 Diabetes Mellitus,2018,Ongoing,3
MH_042-S12-018_313,042-S12-018,S12,313,Osteoarthritis,2018,Ongoing,3
MH_042-S12-018_314,042-S12-018,S12,314,Type 2 Diabetes Mellitus,2018,Ongoing,3
MH_042-S01-019_315,042-S01-019,S01,315,Type 2 Diabetes Mellitus,2018,Ongoing,3
MH_042-S01-019_316,042-S01-019,S01,316,Hypertension,2018,Ongoing,3
MH_042-S02-019_317,042-S02-019,S02,317,Hypertension,2018,Ongoing,3
MH_042-S03-019_318,042-S03-019,S03,318,Type 2 Diabetes Mellitus,2018,Ongoing,3
MH_042-S04-019_319,042-S04-019,S04,319,Hypertension,2018,Ongoing,3
MH_042-S05-019_320,042-S05-019,S05,320,Osteoarthritis,2018,Ongoing,4
MH_042-S06-019_321,042-S06-019,S06,321,Hypertension,2018,Ongoing,4
MH_042-S07-019_322,042-S07-019,S07,322,Hypertension,2018,Ongoing,4
MH_042-S07-019_323,042-S07-019,S07,323,Hyperlipidemia,2018,Ongoing,4
MH_042-S08-019_324,042-S08-019,S08,324,Hypertension,2018,Ongoing,4
MH_042-S08-019_325,042-S08-019,S08,325,Osteoarthritis,2018,Ongoing,4
MH_042-S09-019_326,042-S09-019,S09,326,Hyperlipidemia,2018,Ongoing,4
MH_042-S09-019_327,042-S09-019,S09,327,Hypertension,2018,Ongoing,4
MH_042-S10-019_328,042-S10-019,S10,328,Hypertension,2018,Ongoing,4
MH_042-S11-019_329,042-S11-019,S11,329,Osteoarthritis,2018,Ongoing,4
MH_042-S12-019_330,042-S12-019,S12,330,Hyperlipidemia,2018,Ongoing,4
MH_042-S01-020_331,042-S01-020,S01,331,Hyperlipidemia,2018,Ongoing,4
MH_042-S01-020_332,042-S01-020,S01,332,Osteoarthritis,2018,Ongoing,4
MH_042-S02-020_333,042-S02-020,S02,333,Hypertension,2018,Ongoing,4
MH_042-S03-020_334,042-S03-020,S03,334,Type 2 Diabetes Mellitus,2018,Ongoing,4
MH_042-S03-020_335,042-S03-020,S03,335,Osteoarthritis,2018,Ongoing,4
MH_042-S04-020_336,042-S04-020,S04,336,Hyperlipidemia,2018,Ongoing,4
MH_042-S04-020_337,042-S04-020,S04,337,Osteoarthritis,2018,Ongoing,4
MH_042-S05-020_338,042-S05-020,S05,338,Type 2 Diabetes Mellitus,2018,Ongoing,4
MH_042-S06-020_339,042-S06-020,S06,339,Hyperlipidemia,2018,Ongoing,4
MH_042-S06-020_340,042-S06-020,S06,340,Hypertension,2018,Ongoing,4
MH_042-S07-020_341,042-S07-020,S07,341,Hypertension,2018,Ongoing,4
MH_042-S08-020_342,042-S08-020,S08,342,Hypertension,2018,Ongoing,4
MH_042-S08-020_343,042-S08-020,S08,343,Hyperlipidemia,2018,Ongoing,4
MH_042-S09-020_344,042-S09-020,S09,344,Type 2 Diabetes Mellitus,2018,Ongoing,4
MH_042-S09-020_345,042-S09-020,S09,345,Hypertension,2018,Ongoing,4
MH_042-S10-020_346,042-S10-020,S10,346,Type 2 Diabetes Mellitus,2018,Ongoing,4
MH_042-S10-020_347,042-S10-020,S10,347,Osteoarthritis,2018,Ongoing,4
MH_042-S11-020_348,042-S11-020,S11,348,Osteoarthritis,2018,Ongoing,4
MH_042-S11-020_349,042-S11-020,S11,349,Hyperlipidemia,2018,Ongoing,4
MH_042-S12-020_350,042-S12-020,S12,350,Hypertension,2018,Ongoing,4
MH_042-S01-021_351,042-S01-021,S01,351,Type 2 Diabetes Mellitus,2018,Ongoing,4
