record_id,subject_id,site,visit,collection_date,test_name,value,unit,uln
LAB_042-S01-001_WEEK4_ALT,042-S01-001,S01,WEEK4,2026-02-24,ALT,32.0,U/L,45.0
LAB_042-S01-001_WEEK4_BILI,042-S01-001,S01,WEEK4,2026-02-24,BILIRUBIN,0.8,mg/dL,1.2
LAB_042-S01-001_WEEK4_ALP,042-S01-001,S01,WEEK4,2026-02-24,ALP,85.0,U/L,120.0
LAB_042-S01-002_WEEK4_ALT,042-S01-002,S01,WEEK4,2026-02-24,ALT,32.0,U/L,45.0
LAB_042-S01-002_WEEK4_BILI,042-S01-002,S01,WEEK4,2026-02-24,BILIRUBIN,0.8,mg/dL,1.2
LAB_042-S01-002_WEEK4_ALP,042-S01-002,S01,WEEK4,2026-02-24,ALP,85.0,U/L,120.0
LAB_042-S02-001_WEEK4_ALT,042-S02-001,S02,WEEK4,2026-02-24,ALT,32.0,U/L,45.0
LAB_042-S02-001_WEEK4_BILI,042-S02-001,S02,WEEK4,2026-02-24,BILIRUBIN,0.8,mg/dL,1.2
LAB_042-S02-001_WEEK4_ALP,042-S02-001,S02,WEEK4,2026-02-24,ALP,85.0,U/L,120.0
LAB_042-S03-001_WEEK4_ALT,042-S03-001,S03,WEEK4,2026-02-24,ALT,32.0,U/L,45.0
LAB_042-S03-001_WEEK4_BILI,042-S03-001,S03,WEEK4,2026-02-24,BILIRUBIN,0.8,mg/dL,1.2
LAB_042-S03-001_WEEK4_ALP,042-S03-001,S03,WEEK4,2026-02-24,ALP,85.0,U/L,120.0
LAB_042-S05-001_WEEK4_ALT,042-S05-001,S05,WEEK4,2026-02-24,ALT,32.0,U/L,45.0
LAB_042-S05-001_WEEK4_BILI,042-S05-001,S05,WEEK4,2026-02-24,BILIRUBIN,0.8,mg/dL,1.2
LAB_042-S05-001_WEEK4_ALP,042-S05-001,S05,WEEK4,2026-02-24,ALP,85.0,U/L,120.0
LAB_042-S05-003_WEEK4_ALT,042-S05-003,S05,WEEK4,2026-02-24,ALT,32.0,U/L,45.0
LAB_042-S05-003_WEEK4_BILI,042-S05-003,S05,WEEK4,2026-02-24,BILIRUBIN,0.8,mg/dL,1.2
LAB_042-S05-003_WEEK4_ALP,042-S05-003,S05,WEEK4,2026-02-24,ALP,85.0,U/L,120.0
LAB_042-S07-001_WEEK4_ALT,042-S07-001,S07,WEEK4,2026-02-24,ALT,32.0,U/L,45.0
LAB_042-S07-001_WEEK4_BILI,042-S07-001,S07,WEEK4,2026-02-24,BILIRUBIN,0.8,mg/dL,1.2
LAB_042-S07-001_WEEK4_ALP,042-S07-001,S07,WEEK4,2026-02-24,ALP,85.0,U/L,120.0
LAB_042-S07-002_WEEK4_ALT,042-S07-002,S07,WEEK4,2026-02-24,ALT,32.0,U/L,45.0
LAB_042-S07-002_WEEK4_BILI,042-S07-002,S07,WEEK4,2026-02-24,BILIRUBIN,0.8,mg/dL,1.2
LAB_042-S07-002_WEEK4_ALP,042-S07-002,S07,WEEK4,2026-02-24,ALP,85.0,U/L,120.0
LAB_042-S07-003_WEEK4_ALT,042-S07-003,S07,WEEK4,2026-02-24,ALT,32.0,U/L,45.0
LAB_042-S07-003_WEEK4_BILI,042-S07-003,S07,WEEK4,2026-02-24,BILIRUBIN,0.8,mg/dL,1.2
LAB_042-S07-003_WEEK4_ALP,042-S07-003,S07,WEEK4,2026-02-24,ALP,85.0,U/L,120.0
