record_id,subject_id,site,visit,dose_date,dose_amount,planned_dose,wrong_dose
DOSE_042-S01-001_BASELINE,042-S01-001,S01,BASELINE,2026-01-24,50.0,50.0,N
DOSE_042-S01-002_BASELINE,042-S01-002,S01,BASELINE,2026-01-24,50.0,50.0,N
DOSE_042-S02-001_BASELINE,042-S02-001,S02,BASELINE,2026-01-24,50.0,50.0,N
DOSE_042-S03-001_BASELINE,042-S03-001,S03,BASELINE,2026-01-24,100.0,50.0,Y
DOSE_042-S05-001_BASELINE,042-S05-001,S05,BASELINE,2026-01-24,50.0,50.0,N
DOSE_042-S05-003_BASELINE,042-S05-003,S05,BASELINE,2026-01-24,50.0,50.0,N
DOSE_042-S07-001_BASELINE,042-S07-001,S07,BASELINE,2026-01-24,50.0,50.0,N
DOSE_042-S07-002_BASELINE,042-S07-002,S07,BASELINE,2026-01-24,50.0,50.0,N
DOSE_042-S07-003_BASELINE,042-S07-003,S07,BASELINE,2026-01-24,50.0,50.0,N
